Country,Code,LPI_Score,Customs,Infrastructure,International_Shipments,Logistics_Competence,Tracking_Tracing,Timeliness,Year
Singapore,SGP,4.1903357648355515,3.89744,4.26957,4.0354,4.21495,4.24771,4.52941,2007
Netherlands,NLD,4.177695148811235,3.99225,4.29032,4.04878,4.25,4.13636,4.38235,2007
Germany,DEU,4.0986952364612765,3.88279,4.19133,3.90984,4.20728,4.11864,4.32727,2007
Sweden,SWE,4.0753834485626985,3.84615,4.11321,3.89796,4.06122,4.15217,4.43182,2007
Austria,AUT,4.062573642838235,3.83333,4.06061,3.96667,4.13333,3.96552,4.44444,2007
Japan,JPN,4.0235540985084635,3.78648,4.10638,3.76557,4.11985,4.07605,4.34454,2007
Switzerland,CHE,4.016196383346112,3.84848,4.13333,3.66667,4.0,4.03571,4.48,2007
"Hong Kong, China",HKG,4.003520734462537,3.84302,4.05952,3.78205,3.99346,4.06122,4.33077,2007
United Kingdom,GBR,3.993361748422112,3.739,4.04938,3.85209,4.01954,4.1,4.24815,2007
Canada,CAN,3.921925946374333,3.81818,3.94898,3.77895,3.85393,3.97778,4.18824,2007
Ireland,IRL,3.913845033504925,3.81818,3.71875,3.75862,3.93103,3.96154,4.32,2007
Belgium,BEL,3.8937636011172225,3.61261,4.0,3.65094,3.94949,3.95918,4.25301,2007
Denmark,DNK,3.8590460375901214,3.97143,3.82353,3.66667,3.83333,3.75862,4.11111,2007
United States,USA,3.8436715006807294,3.51919,4.07113,3.5817,3.84529,4.0092,4.11443,2007
Finland,FIN,3.8158038116429807,3.68421,3.80952,3.3,3.85,4.16667,4.17647,2007
Norway,NOR,3.8096719749821935,3.75758,3.82143,3.62069,3.77778,3.66667,4.24,2007
Australia,AUS,3.790339268121476,3.58333,3.64706,3.71875,3.75758,3.96875,4.1,2007
France,FRA,3.761884167652872,3.51079,3.82353,3.62963,3.75969,3.87097,4.02459,2007
New Zealand,NZL,3.7481618781523207,3.56522,3.6087,3.77273,3.81818,3.68182,4.04762,2007
United Arab Emirates,ARE,3.727580752268191,3.51613,3.80357,3.67857,3.66667,3.60784,4.12,2007
"Taiwan, China",TWN,3.640742441338122,3.25,3.62222,3.65217,3.57778,3.60465,4.175,2007
Italy,ITA,3.5751432765866644,3.1871,3.51948,3.56738,3.62857,3.65693,3.92969,2007
Luxemburg,LUX,3.5368727293564297,3.66667,3.85714,3.0,3.22222,3.55556,4.0,2007
South Africa,ZAF,3.5335888740527293,3.22222,3.42424,3.55556,3.54286,3.70588,3.78125,2007
South Korea,KOR,3.5200737944096647,3.22388,3.44444,3.44262,3.62712,3.55932,3.85714,2007
Spain,ESP,3.5189092913049462,3.16667,3.51064,3.45,3.55,3.625,3.85714,2007
Malaysia,MYS,3.4802335578265207,3.35556,3.32558,3.36364,3.40476,3.51163,3.94737,2007
Portugal,PRT,3.380606895403628,3.24,3.16,3.22727,3.19048,3.44444,4.05882,2007
Greece,GRC,3.357951769936769,3.05882,3.05,3.11111,3.33333,3.52941,4.125,2007
China,CHN,3.321935003318956,2.99296,3.20285,3.31273,3.4,3.37453,3.67729,2007
Thailand,THA,3.311444155619491,3.02632,3.16216,3.24324,3.30556,3.25,3.91176,2007
Chile,CHL,3.250369661163679,3.32075,3.0566,3.21154,3.1875,3.17021,3.54762,2007
Israel,ISR,3.2058043337412125,2.73333,3.0,3.26667,3.23077,3.46154,3.58333,2007
Turkey,TUR,3.1545577783844405,3.0,2.9375,3.07143,3.28571,3.26667,3.38462,2007
Hungary,HUN,3.154173774795338,3.0,3.11765,3.06667,3.07143,3.0,3.69231,2007
Bahrain,BHR,3.1522651628970246,3.4,3.4,3.33333,2.75,3.0,3.0,2007
Slovenia,SVN,3.1412974337955335,2.78571,3.22222,3.14286,3.09091,2.90909,3.72727,2007
Czech Republic,CZE,3.134625982473114,2.95,3.0,3.0625,3.0,3.26667,3.5625,2007
India,IND,3.0709137038157777,2.69118,2.90476,3.07813,3.26563,3.03333,3.47458,2007
Poland,POL,3.038002640907286,2.88462,2.69231,2.92308,3.04,3.12,3.59091,2007
Saudi Arabia,SAU,3.019021620501935,2.72059,2.95385,2.9322,2.87931,3.01786,3.65455,2007
Latvia,LVA,3.0160254691602546,2.53333,2.5625,3.3125,2.94118,3.05882,3.6875,2007
Indonesia,IDN,3.0096954660079764,2.72727,2.83333,3.04762,2.90476,3.3,3.27778,2007
Kuwait,KWT,2.985123038321128,2.5,2.83333,2.6,3.0,3.33333,3.75,2007
Argentina,ARG,2.982467656218206,2.64865,2.80556,2.9697,3.0,3.0,3.5,2007
Qatar,QAT,2.9763268305059345,2.44444,2.625,3.0,3.0,3.16667,3.66667,2007
Estonia,EST,2.947188046136646,2.75,2.91304,2.85,3.0,2.84211,3.35294,2007
Oman,OMN,2.923213811310984,2.71429,2.85714,2.57143,2.66667,2.8,4.0,2007
Cyprus,CYP,2.9205663319693373,2.76923,2.90909,2.92308,2.76923,2.92308,3.25,2007
Slovak Republic,SVK,2.9186150560230413,2.6087,2.68182,3.08696,3.0,2.86957,3.26087,2007
Romania,ROM,2.907120123125564,2.6,2.73333,3.2,2.85714,2.85714,3.18182,2007
Jordan,JOR,2.8899195323737903,2.61538,2.61538,3.08333,3.0,2.84615,3.16667,2007
Vietnam,VNM,2.8888545877667835,2.88889,2.5,3.0,2.8,2.9,3.22222,2007
Panama,PAN,2.8887168461682027,2.68421,2.78947,2.8,2.73333,2.93333,3.42857,2007
Bulgaria,BGR,2.870837785708752,2.46667,2.46667,2.78571,2.85714,3.14286,3.55556,2007
Mexico,MEX,2.868054574405414,2.49524,2.68,2.90909,2.79787,2.95789,3.4,2007
Sao Tome,STP,2.859236124798179,2.5,2.2,3.4,3.0,3.0,3.0,2007
Lithuania,LTU,2.7781919229027245,2.63636,2.3,3.0,2.7,2.6,3.4,2007
Peru,PER,2.7684555852256114,2.68182,2.57143,2.91304,2.72727,2.7,3.0,2007
Tunisia,TUN,2.7644200714113607,2.83333,2.83333,2.85714,2.42857,2.83333,2.8,2007
Brazil,BRA,2.750648980323142,2.38571,2.74648,2.6087,2.93939,2.76923,3.10169,2007
Guinea,GIN,2.714835377131785,2.5,2.33333,2.5,2.66667,2.83333,3.5,2007
Croatia,HRV,2.7136222082256745,2.35714,2.5,2.69231,2.83333,2.46154,3.45455,2007
Sudan,SDN,2.7108024432567825,2.35714,2.35714,2.66667,2.83333,2.91667,3.16667,2007
Philippines,PHL,2.6892383605192167,2.63636,2.26087,2.77273,2.65217,2.65217,3.14286,2007
El Salvador,SLV,2.662008513935304,2.375,2.42105,2.77778,2.52941,2.82353,3.0625,2007
Mauritania,MRT,2.6304247890339543,2.4,2.2,2.6,2.7,2.8,3.1,2007
Pakistan,PAK,2.6185536195223733,2.40909,2.36842,2.72222,2.70588,2.57143,2.92857,2007
Venezuela,VEN,2.618490723319236,2.36735,2.51064,2.69048,2.59091,2.53659,3.025,2007
Ecuador,ECU,2.599679815960713,2.25,2.36364,2.63636,2.63636,2.45455,3.27273,2007
Paraguay,PRY,2.5694031154395853,2.2,2.47059,2.29412,2.625,2.66667,3.23077,2007
Costa Rica,CRI,2.5549262616021737,2.48571,2.43333,2.53333,2.42857,2.57143,2.88889,2007
Ukraine,UKR,2.553950501421377,2.22222,2.35294,2.52941,2.41176,2.52941,3.3125,2007
Belarus,BLR,2.531665991016787,2.66667,2.625,2.125,2.125,2.71429,3.0,2007
Guatemala,GTM,2.529098191062018,2.26667,2.13333,2.61538,2.5,2.42857,3.23077,2007
Kenya,KEN,2.521264843731382,2.33333,2.15385,2.78571,2.30769,2.61538,2.91667,2007
Gambia,GMB,2.5180429341268864,2.25,2.33333,2.66667,3.0,2.33333,2.5,2007
Iran,IRN,2.509618916494767,2.5,2.44444,2.58824,2.6875,2.0,2.8,2007
Uruguay,URY,2.5085200524759643,2.28571,2.38095,2.4,2.45,2.57143,3.0,2007
Honduras,HND,2.498352919258968,2.48387,2.32258,2.48276,2.40741,2.40741,2.88462,2007
Cambodia,KHM,2.497886411928444,2.19048,2.3,2.47368,2.47368,2.52632,3.05263,2007
Colombia,COL,2.4972827604589547,2.10256,2.28205,2.61111,2.44444,2.62857,2.93939,2007
Uganda,UGA,2.490507459792496,2.21429,2.16667,2.41667,2.54545,2.33333,3.28571,2007
Cameroon,CMR,2.488765023139,2.57143,2.0,2.33333,2.25,2.5,3.28571,2007
Comoros,COM,2.477926263842647,2.3,2.46154,2.33333,2.63636,2.5,2.66667,2007
Angola,AGO,2.47752197378388,2.4,2.25,2.5,2.5,2.375,2.83333,2007
Bangladesh,BGD,2.4713879645426724,2.0,2.28571,2.46154,2.33333,2.46154,3.33333,2007
Bosnia and Herzegovina,BIH,2.456929170279996,2.31579,2.26316,2.5,2.36842,2.29412,3.0,2007
Benin,BEN,2.4455603285186007,1.8,1.88889,2.77778,2.55556,2.88889,2.77778,2007
Macedonia,MKD,2.434143689987982,2.0,2.28571,2.66667,2.33333,2.5,2.83333,2007
Malawi,MWI,2.41953308666851,2.25,2.125,2.55556,2.55556,2.0,3.0,2007
Sri Lanka,LKA,2.399611610514176,2.25,2.13333,2.30769,2.45455,2.58333,2.69231,2007
Nigeria,NGA,2.396311732429884,2.22727,2.23404,2.48837,2.38095,2.35556,2.69048,2007
Morocco,MAR,2.383503556140734,2.2,2.33333,2.75,2.125,2.0,2.85714,2007
Papua New Guinea,PNG,2.380730528808111,2.0,2.0,2.57143,2.28571,2.28571,3.14286,2007
Dominican Republic,DOM,2.38018195225225,2.33333,2.18421,2.34211,2.25,2.28205,2.89474,2007
Egypt,EGY,2.370835511288626,2.07692,2.0,2.33333,2.38462,2.61538,2.84615,2007
Lebanon,LBN,2.369340504387628,2.16667,2.14286,2.5,2.4,2.33333,2.66667,2007
Russian Federation,RUS,2.368381310132528,1.93966,2.23009,2.47917,2.45745,2.17391,2.94253,2007
Zambia,ZMB,2.366997376405464,2.08333,2.0,2.4,2.44444,2.8,2.5,2007
Senegal,SEN,2.3664835611363118,2.375,2.09091,2.09091,2.72727,2.3,2.625,2007
Côte d'Ivoire,CIV,2.3613462231624363,2.22222,2.22222,2.125,2.375,2.0,3.25,2007
Kyrgyz Republic,KGZ,2.349655024781335,2.2,2.05882,2.35294,2.35294,2.375,2.76471,2007
Ethiopia,ETH,2.326745435832871,2.14286,1.875,2.42857,2.0,1.83333,3.66667,2007
Liberia,LBR,2.314229471610111,2.4,2.14286,2.83333,2.0,2.0,2.42857,2007
Moldova,MDA,2.3114287438771424,2.14286,1.9375,2.35714,2.21429,2.5,2.72727,2007
Bolivia,BOL,2.307312247127764,2.0,2.08,2.41667,2.17391,2.38095,2.80952,2007
Lesotho,LSO,2.3040275771064067,2.4,2.0,2.5,2.2,1.83333,2.83333,2007
Mali,MLI,2.2940201285502253,2.17391,1.90476,2.22727,2.21053,2.38095,2.88235,2007
Mozambique,MOZ,2.29382649732036,2.23077,2.07692,2.25,2.36364,2.0,2.83333,2007
Azerbaijan,AZE,2.2909975260419406,2.23077,2.0,2.5,2.0,2.375,2.625,2007
Yemen,YEM,2.2899259007501445,2.18182,2.07692,2.2,2.22222,2.3,2.77778,2007
Burundi,BDI,2.28868182688757,2.2,2.5,2.5,2.5,2.0,2.0,2007
Zimbabwe,ZWE,2.2862770519360103,1.92308,1.86667,2.26667,2.21429,2.64286,2.84615,2007
SerbiaMontenegro,YUG,2.2780331955351567,2.33333,2.17647,2.25,2.28571,2.07143,2.53846,2007
Guinea-Bissau,GNB,2.2776261082791,2.14286,2.25,2.22222,2.0,2.22222,2.85714,2007
"Laos, PDR",LAO,2.2527318671176486,2.08333,2.0,2.4,2.28571,1.88889,2.83333,2007
Jamaica,JAM,2.246702684881672,2.35294,2.03226,2.13333,2.07143,2.24138,2.65385,2007
Togo,TGO,2.245802421870444,2.1,2.25,2.4,2.4,2.2,2.11111,2007
Madagascar,MDG,2.243392215467836,2.23529,2.125,2.25,2.0,2.1875,2.66667,2007
Burkina Faso,BFA,2.24191893437103,2.125,1.88889,2.66667,2.33333,2.125,2.25,2007
Nicaragua,NIC,2.213947776190813,2.14286,1.86207,2.17857,2.40741,2.18519,2.5,2007
Haiti,HTI,2.2114623441911885,2.08333,2.13636,2.2,2.10526,2.15789,2.6,2007
Eritrea,ERI,2.1878113621746555,2.14286,2.0,2.0,2.66667,2.5,1.83333,2007
Ghana,GHA,2.162202613627823,2.0,2.25,2.25,1.75,2.25,2.5,2007
Namibia,NAM,2.1587626041064887,2.14286,2.0,2.14286,1.83333,1.83333,3.0,2007
Somalia,SOM,2.1587530990671557,2.42857,1.625,1.875,2.25,1.75,3.0,2007
Buthan,BTN,2.1567535103637856,1.95,1.94737,2.05882,2.17647,2.26667,2.57143,2007
Uzbekistan,UZB,2.156746449477423,1.94118,2.0,2.06667,2.15385,2.07692,2.72727,2007
Nepal,NPL,2.137593252073847,1.83333,1.76923,2.09091,2.08333,2.33333,2.75,2007
Armenia,ARM,2.136818727154384,2.1,1.77778,2.0,2.11111,2.22222,2.625,2007
Mauritius,MUS,2.131800881103567,2.0,2.28571,2.2,1.75,2.25,2.33333,2007
Kazakhstan,KAZ,2.122284435722138,1.90909,1.86364,2.09524,2.04762,2.19048,2.65,2007
Gabon,GAB,2.099813979590915,2.25,2.4,1.66667,2.0,2.0,2.33333,2007
Syria,SYR,2.089227809925556,2.16667,1.90909,2.0,1.8,2.0,2.66667,2007
Mongolia,MNG,2.084905189608901,2.0,1.91667,2.5,1.8,2.0,2.25,2007
Tanzania,TZA,2.0837034810645014,2.07143,2.0,2.08333,1.91667,2.16667,2.27273,2007
Solomon Islands,SLB,2.0831750008775187,1.72727,2.0,2.36364,2.1,2.0,2.3,2007
Albania,ALB,2.0813763758629302,2.0,2.33333,2.33333,2.0,1.66667,2.125,2007
Algeria,DZA,2.0633803491051586,1.6,1.83333,2.0,1.91667,2.27273,2.81818,2007
Guyana,GUY,2.0480109720742625,1.95455,1.78261,1.8,1.95,2.35,2.5,2007
Chad,TCD,1.9832854562238964,2.0,1.8,1.83333,1.81818,1.90909,2.55556,2007
Niger,NER,1.9718633862422297,1.66667,1.4,1.8,2.0,2.0,3.0,2007
Sierra Leone,SLE,1.9543643372553612,1.58333,1.83333,1.81818,1.90909,2.0,2.63636,2007
Djibouti,DJI,1.9427440193104375,1.63636,1.91667,2.0,2.0,1.81818,2.3,2007
Tajikistan,TJK,1.9333234390400071,1.90909,2.0,2.0,1.9,1.66667,2.11111,2007
Myanmar,MMR,1.8620391744764708,2.07143,1.6875,1.73333,2.0,1.57143,2.08333,2007
Rwanda,RWA,1.774818217820061,1.8,1.53333,1.66667,1.66667,1.6,2.38462,2007
Timor-Leste,TMP,1.711773736069092,1.625,1.66667,1.5,1.6,1.66667,2.25,2007
Afghanistan,AFG,1.2116693503692606,1.3,1.1,1.22222,1.25,1.0,1.375,2007
Germany,DEU,4.11445,4.00275,4.336188,3.656494,4.138247,4.183673,4.482917,2010
Singapore,SGP,4.090085,4.024213,4.217881,3.861348,4.120016,4.146154,4.232345,2010
Sweden,SWE,4.075576,3.875,4.02753,3.833179,4.218619,4.218619,4.323883,2010
Netherlands,NLD,4.068615,3.982097,4.248886,3.605821,4.154997,4.120831,4.407749,2010
Luxembourg,LUX,3.980073,4.038024,4.058421,3.670746,3.666084,3.916084,4.579837,2010
Switzerland,CHE,3.974814,3.730996,4.169911,3.320786,4.315699,4.272858,4.204013,2010
Japan,JPN,3.965889,3.785498,4.18812,3.548982,3.99608,4.128887,4.260915,2010
United Kingdom,GBR,3.954449,3.739587,3.947411,3.66424,3.922849,4.133063,4.37421,2010
Belgium,BEL,3.942263,3.828598,4.009625,3.311276,4.131997,4.220613,4.28817,2010
Norway,NOR,3.932997,3.858586,4.222222,3.354798,3.854798,4.10101,4.354798,2010
Ireland,IRL,3.893212,3.597828,3.764185,3.700835,3.821429,4.016625,4.471428,2010
Finland,FIN,3.885315,3.856353,4.081425,3.40792,3.918803,4.090918,4.080251,2010
"Hong Kong, China",HKG,3.876525,3.828727,4.003187,3.671352,3.833639,3.941531,4.03683,2010
Canada,CAN,3.874453,3.706367,4.027057,3.243744,3.993496,4.005055,4.40783,2010
United States,USA,3.855811,3.680546,4.152495,3.206959,3.915008,4.168665,4.185375,2010
Denmark,DNK,3.846941,3.576287,3.986009,3.45864,3.827997,3.941381,4.378881,2010
France,FRA,3.843022,3.631162,3.998233,3.300389,3.867364,4.010631,4.37266,2010
Australia,AUS,3.840615,3.682927,3.783343,3.781638,3.767605,3.868594,4.157593,2010
Austria,AUT,3.762671,3.490936,3.679825,3.776316,3.698343,3.831676,4.08293,2010
Taiwan,TWN,3.705621,3.354839,3.621887,3.635436,3.648191,4.03606,3.952727,2010
New Zealand,NZL,3.648133,3.644444,3.541667,3.355556,3.541667,3.666667,4.166667,2010
Italy,ITA,3.644385,3.381943,3.719891,3.206124,3.739631,3.83403,4.080522,2010
"Korea, Rep.",KOR,3.637197,3.330208,3.617907,3.471114,3.636203,3.828303,3.972869,2010
United Arab Emirates,ARE,3.63034,3.489299,3.807725,3.480755,3.532518,3.580622,3.935301,2010
Spain,ESP,3.625576,3.467521,3.579969,3.107155,3.622872,3.955317,4.118271,2010
Czech Republic,CZE,3.506553,3.31324,3.247565,3.423701,3.267045,3.600379,4.155934,2010
China,CHN,3.489039,3.162482,3.539999,3.310056,3.491444,3.55305,3.914685,2010
South Africa,ZAF,3.456708,3.217796,3.415954,3.262108,3.593675,3.726648,3.56943,2010
Malaysia,MYS,3.440977,3.105014,3.502393,3.495621,3.34477,3.324446,3.85905,2010
Poland,POL,3.435271,3.122861,2.983809,3.222741,3.261586,3.45,4.523801,2010
Israel,ISR,3.412264,3.117298,3.596843,3.165657,3.49899,3.387879,3.773384,2010
Bahrain,BHR,3.372838,3.05303,3.356061,3.054545,3.356061,3.628788,3.850859,2010
Lebanon,LBN,3.338473,3.272727,3.048737,2.870707,3.731818,3.163636,3.970332,2010
Portugal,PRT,3.33504,3.3125,3.166295,3.023438,3.309152,3.38058,3.843364,2010
Thailand,THA,3.292271,3.019424,3.155572,3.266169,3.164235,3.406035,3.725165,2010
Kuwait,KWT,3.281263,3.029351,3.328194,3.118436,3.106759,3.443079,3.698568,2010
Latvia,LVA,3.24835,2.935144,2.875,3.375,2.958018,3.554969,3.720725,2010
Slovak Republic,SVK,3.240829,2.785933,3.0,3.047472,3.153846,3.538461,3.924556,2010
Turkey,TUR,3.223389,2.82027,3.078811,3.151137,3.234354,3.090883,3.938816,2010
Saudi Arabia,SAU,3.22077,2.911871,3.266372,2.799073,3.332448,3.31588,3.780412,2010
Brazil,BRA,3.198242,2.369843,3.09774,2.910093,3.295608,3.417413,4.137099,2010
Iceland,ISL,3.197069,3.223333,3.334445,3.1,3.144074,3.144074,3.269074,2010
Estonia,EST,3.157967,3.139043,2.746186,3.172222,3.174757,2.95,3.682249,2010
Philippines,PHL,3.141933,2.674831,2.567813,3.404699,2.949998,3.292884,3.825752,2010
Lithuania,LTU,3.134939,2.785714,2.718603,3.189505,2.849468,3.266135,3.920636,2010
Cyprus,CYP,3.129378,2.917542,2.935415,3.132353,2.821927,3.514235,3.438725,2010
India,IND,3.115075,2.700026,2.90947,3.130472,3.158988,3.144703,3.609394,2010
Argentina,ARG,3.099664,2.629174,2.750209,3.152119,3.03062,3.150037,3.816632,2010
Chile,CHL,3.094723,2.932679,2.855756,2.740741,2.942998,3.328481,3.796216,2010
Mexico,MEX,3.047349,2.547734,2.954733,2.832787,3.035814,3.277999,3.6645,2010
Panama,PAN,3.024052,2.7627,2.631198,2.866493,2.834527,3.259649,3.759649,2010
Hungary,HUN,2.987147,2.833333,3.083333,2.779987,2.870897,2.870897,3.519255,2010
Vietnam,VNM,2.964607,2.68133,2.561527,3.041527,2.892578,3.100337,3.437055,2010
Greece,GRC,2.955919,2.476914,2.938013,2.848787,2.68945,3.314703,3.493568,2010
Qatar,QAT,2.95016,2.251701,2.751701,2.918367,2.571429,3.085034,4.085034,2010
Costa Rica,CRI,2.908459,2.605935,2.559791,2.643892,2.795635,3.128968,3.711482,2010
Slovenia,SVN,2.874055,2.588235,2.649221,2.836721,2.899221,3.156081,3.10214,2010
Senegal,SEN,2.863148,2.453914,2.635732,2.75,2.726641,3.083333,3.517298,2010
Romania,ROM,2.841229,2.357143,2.247165,3.237528,2.681973,2.904195,3.453515,2010
Oman,OMN,2.839455,3.375,3.0625,2.3125,2.369792,2.036458,3.935417,2010
Tunisia,TUN,2.835479,2.431905,2.561905,3.361905,2.361905,2.561905,3.565238,2010
Kazakhstan,KAZ,2.83319,2.376318,2.659703,3.289032,2.600101,2.7001,3.2501,2010
Bulgaria,BGR,2.830857,2.5,2.3,3.072222,2.85,2.961111,3.183333,2010
Malta,MLT,2.82433,2.649691,2.888889,2.914506,2.888889,2.555556,3.024691,2010
Dominican Republic,DOM,2.82075,2.513092,2.342563,2.594914,2.421661,3.167846,3.852565,2010
Uganda,UGA,2.817505,2.835451,2.345997,3.018759,2.587085,2.453751,3.522594,2010
Peru,PER,2.801997,2.504311,2.659867,2.746719,2.61396,2.886433,3.383191,2010
Uzbekistan,UZB,2.791121,2.202474,2.535066,2.791662,2.495679,2.955555,3.720233,2010
Benin,BEN,2.787464,2.375,2.481213,2.65346,2.637277,3.065848,3.49442,2010
Honduras,HND,2.779117,2.390394,2.311969,2.672663,2.570808,2.833892,3.829434,2010
Ecuador,ECU,2.774533,2.322978,2.381625,2.862613,2.600372,2.840934,3.554925,2010
Colombia,COL,2.774487,2.499271,2.592767,2.540532,2.746935,2.753839,3.516042,2010
"Macedonia, FYR",MKD,2.773526,2.551119,2.546276,2.827188,2.755617,2.816483,3.09897,2010
Croatia,HRV,2.769976,2.6199,2.356723,2.96978,2.528605,2.820251,3.220251,2010
Indonesia,IDN,2.76039,2.433052,2.542396,2.824159,2.467846,2.772501,3.46473,2010
Paraguay,PRY,2.753469,2.369767,2.436434,2.866733,2.586464,2.720822,3.458951,2010
Uruguay,URY,2.752718,2.705882,2.579801,2.767301,2.58949,2.777034,3.062749,2010
"Bahamas, The",BHS,2.746246,2.381201,2.396078,2.692451,2.690196,2.807843,3.460025,2010
Bangladesh,BGD,2.742782,2.333083,2.485443,2.989571,2.441617,2.643464,3.460752,2010
Syrian Arab Republic,SYR,2.740144,2.369816,2.450461,2.874267,2.589443,2.625,3.445999,2010
Jordan,JOR,2.737719,2.307143,2.692857,3.107143,2.492857,2.328572,3.388572,2010
Mauritius,MUS,2.721068,2.714286,2.285714,3.241497,2.428571,2.57483,2.908163,2010
Serbia,SRB,2.685822,2.193651,2.299206,3.409603,2.549206,2.674206,2.799206,2010
"Venezuela, RB",VEN,2.677583,2.056281,2.442363,3.051852,2.533847,2.836371,3.04589,2010
"Congo, Dem. Rep.",ZAR,2.675772,2.599802,2.267857,2.560516,2.934524,2.434524,3.199801,2010
El Salvador,SLV,2.673786,2.484092,2.442158,2.180506,2.664792,2.676429,3.634167,2010
Bosnia and Herzegovina,BIH,2.661682,2.334445,2.223333,3.1,2.302408,2.677408,3.177408,2010
Madagascar,MDG,2.657541,2.348214,2.633929,3.0625,2.401786,2.505357,2.901786,2010
Azerbaijan,AZE,2.639554,2.14311,2.229257,3.051948,2.477633,2.646104,3.146104,2010
Guatemala,GTM,2.631329,2.328018,2.370259,2.161757,2.738133,2.708124,3.520031,2010
Kyrgyz Republic,KGZ,2.619121,2.439854,2.09099,3.178734,2.371699,2.329004,3.098647,2010
"Egypt, Arab Rep.",EGY,2.614613,2.111111,2.217592,2.555556,2.87015,2.563272,3.313272,2010
Georgia,GEO,2.612827,2.374894,2.171906,2.73037,2.566635,2.667521,3.075247,2010
Russian Federation,RUS,2.608572,2.148528,2.378874,2.718349,2.508094,2.600278,3.233113,2010
Tanzania,TZA,2.599514,2.415292,1.995078,2.780032,2.376313,2.55759,3.334206,2010
Togo,TGO,2.599417,2.404762,1.82381,2.42381,2.452381,3.42381,3.023809,2010
Guinea,GIN,2.596005,2.3367,2.10178,2.434343,2.680135,2.888889,3.10101,2010
Haiti,HTI,2.591604,2.124497,2.173904,3.169045,2.456413,2.42696,3.016763,2010
Kenya,KEN,2.589852,2.227273,2.13905,2.83905,2.277617,2.888728,3.06213,2010
Nigeria,NGA,2.58757,2.172186,2.434684,2.842091,2.446816,2.446816,3.097513,2010
"Yemen, Rep.",YEM,2.58332,2.464286,2.348214,2.238929,2.350595,2.630952,3.479167,2010
Ukraine,UKR,2.574824,2.024805,2.435065,2.787013,2.587013,2.487013,3.058442,2010
"Iran, Islamic Rep.",IRN,2.573985,2.215808,2.363095,2.441739,2.64531,2.5,3.257511,2010
Moldova,MDA,2.573285,2.10878,2.045833,2.831548,2.1688,3.002133,3.1688,2010
Cameroon,CMR,2.548282,2.110965,2.101799,2.685926,2.533333,2.6,3.161351,2010
Niger,NER,2.539425,2.0625,2.280357,2.6625,2.423214,2.45,3.280357,2010
Nicaragua,NIC,2.536625,2.242514,2.233468,2.632611,2.313995,2.50938,3.210973,2010
Jamaica,JAM,2.533717,2.0,2.071429,2.821429,2.321429,3.071429,2.821429,2010
Côte d'Ivoire,CIV,2.533473,2.15503,2.365557,2.441711,2.571429,2.952381,2.729025,2010
Pakistan,PAK,2.530255,2.052399,2.083646,2.909618,2.282632,2.638487,3.075987,2010
Armenia,ARM,2.524127,2.1,2.323333,2.434444,2.585741,2.258886,3.401743,2010
Bolivia,BOL,2.510731,2.262746,2.244399,2.533217,2.378728,2.377779,3.20418,2010
"Gambia, The",GMB,2.493386,2.384615,2.17033,2.538461,2.371795,2.269231,3.145299,2010
Turkmenistan,TKM,2.491292,2.135538,2.241424,2.3125,2.337734,2.379167,3.5125,2010
Chad,TCD,2.490989,2.270555,2.0,2.75,2.0375,2.619444,3.140278,2010
"Congo, Rep.",COG,2.475881,2.018518,1.618519,2.333333,2.418519,2.333333,4.0,2010
Ghana,GHA,2.472855,2.352473,2.521978,2.383883,2.422314,2.505647,2.672314,2010
Lao PDR,LAO,2.46261,2.165056,1.94862,2.700335,2.139118,2.454643,3.232608,2010
Albania,ALB,2.459047,2.071429,2.144558,2.644558,2.394558,2.394558,3.012585,2010
Comoros,COM,2.447585,1.96045,1.762787,2.564374,2.262787,2.793651,3.225529,2010
Montenegro,MNE,2.430895,2.165132,2.453916,2.536649,2.319411,2.444411,2.646716,2010
Gabon,GAB,2.413772,2.234798,2.091209,2.29221,2.306593,2.666667,2.871428,2010
Ethiopia,ETH,2.412761,2.134091,1.767857,2.756082,2.140909,2.890909,2.650346,2010
Papua New Guinea,PNG,2.410616,2.016552,1.914773,2.549242,2.195432,2.434614,3.241049,2010
Maldives,MDV,2.403898,2.253641,2.158235,2.423949,2.29441,2.41941,2.826797,2010
Djibouti,DJI,2.394566,2.25,2.333333,2.5,2.166667,2.416667,2.666667,2010
Liberia,LBR,2.38198,2.281818,2.0,2.328687,2.156566,2.381818,3.081818,2010
Bhutan,BTN,2.380236,2.136905,1.830267,2.444715,2.244715,2.541937,2.988366,2010
Cambodia,KHM,2.369976,2.27975,2.122668,2.187274,2.288604,2.499861,2.836953,2010
Algeria,DZA,2.360373,1.96875,2.059659,2.696023,2.241477,2.263864,2.814489,2010
Tajikistan,TJK,2.346626,1.903557,2.0,2.420949,2.254414,2.254414,3.163505,2010
Libya,LBY,2.332419,2.147273,2.181818,2.281818,2.281818,2.081818,2.981818,2010
Myanmar,MMR,2.328603,1.9375,1.921875,2.370192,2.014265,2.355174,3.287684,2010
Botswana,BWA,2.318434,2.090909,2.090909,1.909091,2.288154,2.588154,2.988154,2010
Solomon Islands,SLB,2.30959,2.082642,2.230097,2.184335,2.267579,2.025505,3.049981,2010
Mozambique,MOZ,2.292945,1.945647,2.036556,2.769231,2.200556,2.283889,2.396064,2010
Sri Lanka,LKA,2.288414,1.959273,1.876994,2.482764,2.089744,2.230997,2.978775,2010
Zambia,ZMB,2.28431,2.166667,1.833333,2.405555,2.005556,2.348611,2.848611,2010
Mali,MLI,2.268102,2.076923,2.000493,2.16716,2.125755,2.307573,2.899863,2010
Guyana,GUY,2.268051,2.024511,1.993489,2.313029,2.249843,2.276062,2.696841,2010
Mongolia,MNG,2.250476,1.8125,1.936749,2.460938,2.244441,2.418097,2.552133,2010
Angola,AGO,2.247351,1.75,1.6875,2.375,2.019345,2.541406,3.008073,2010
Afghanistan,AFG,2.24316,2.223085,1.873596,2.244916,2.090449,2.365503,2.605503,2010
Fiji,FJI,2.235183,1.952786,1.975944,2.48212,2.114496,1.955405,2.821398,2010
Burkina Faso,BFA,2.22564,2.222222,1.888889,1.734259,2.022119,2.772119,2.772119,2010
Sudan,SDN,2.20598,2.01627,1.777778,2.111111,2.148809,2.021825,3.088889,2010
Nepal,NPL,2.203265,2.066667,1.8,2.214603,2.071746,2.258806,2.739236,2010
Iraq,IRQ,2.105455,2.066667,1.733333,2.2,2.098413,1.955556,2.492112,2010
Guinea-Bissau,GNB,2.101429,1.885397,1.556825,2.747619,1.556825,1.713333,2.909524,2010
Cuba,CUB,2.067025,1.789474,1.904514,2.316278,1.880769,2.026864,2.405864,2010
Rwanda,RWA,2.038687,1.625,1.625,2.875,1.851935,1.994792,2.045238,2010
Namibia,NAM,2.020395,1.678571,1.708333,2.196429,2.041667,2.041667,2.375,2010
Sierra Leone,SLE,1.970413,2.17,1.608333,2.325,1.525,1.725,2.325,2010
Eritrea,ERI,1.696436,1.5,1.348214,1.633929,1.880952,1.547619,2.214286,2010
Somalia,SOM,1.338373,1.333333,1.5,1.333333,1.333333,1.166667,1.377778,2010
Singapore,SGP,4.125813,4.098857,4.148102,3.985163,4.069932,4.06941,4.394355,2012
"Hong Kong SAR, China",HKG,4.121364,3.971886,4.118798,4.175089,4.075929,4.090475,4.284972,2012
Finland,FIN,4.049717,3.980783,4.123641,3.84644,4.144174,4.144174,4.095593,2012
Germany,DEU,4.03272,3.872145,4.257549,3.670993,4.093891,4.049732,4.317642,2012
Netherlands,NLD,4.021571,3.845895,4.147512,3.862488,4.047626,4.116703,4.14585,2012
Denmark,DNK,4.018193,3.933905,4.073452,3.702738,4.137143,4.097143,4.20819,2012
Belgium,BEL,3.980262,3.846733,4.116557,3.732367,3.983719,4.049376,4.197801,2012
Japan,JPN,3.93286,3.719593,4.106272,3.61148,3.974135,4.033568,4.21071,2012
United States,USA,3.930063,3.671812,4.138655,3.561789,3.964769,4.110445,4.205264,2012
United Kingdom,GBR,3.898316,3.731096,3.947977,3.626327,3.931801,3.997752,4.191612,2012
Austria,AUT,3.890392,3.770316,4.054348,3.711858,4.1,3.967589,3.785771,2012
France,FRA,3.851483,3.637697,3.96164,3.733738,3.818907,3.967489,4.019439,2012
Sweden,SWE,3.85006,3.679161,4.126228,3.390352,3.901786,3.818452,4.262959,2012
Canada,CAN,3.846479,3.578957,3.989496,3.54658,3.845956,3.856377,4.305873,2012
Luxembourg,LUX,3.822217,3.538461,3.785503,3.70217,3.817539,3.908448,4.18746,2012
Switzerland,CHE,3.803137,3.879025,3.978178,3.460523,3.712639,3.833851,4.013348,2012
United Arab Emirates,ARE,3.77844,3.614768,3.837032,3.59201,3.74139,3.812957,4.096845,2012
Australia,AUS,3.7265,3.596397,3.827374,3.39703,3.748992,3.787924,4.048654,2012
Taiwan,TWN,3.70712,3.418188,3.767124,3.576433,3.6823,3.718666,4.095858,2012
Spain,ESP,3.699725,3.397485,3.736928,3.677127,3.693794,3.672693,4.02043,2012
"Korea, Rep.",KOR,3.695429,3.417196,3.740041,3.665477,3.647811,3.679659,4.024577,2012
Norway,NOR,3.684443,3.461539,3.858418,3.494782,3.570652,3.670652,4.086168,2012
South Africa,ZAF,3.671317,3.346634,3.789673,3.499798,3.562515,3.831807,4.033038,2012
Italy,ITA,3.670711,3.343403,3.738047,3.534331,3.649827,3.731296,4.047426,2012
Ireland,IRL,3.520077,3.4,3.353723,3.401609,3.536864,3.649638,3.772247,2012
China,CHN,3.517017,3.254533,3.613997,3.462837,3.471617,3.515504,3.796915,2012
Turkey,TUR,3.509463,3.161872,3.618313,3.379626,3.518766,3.536135,3.865546,2012
Portugal,PRT,3.502831,3.190168,3.420244,3.429284,3.484563,3.604355,3.883898,2012
Malaysia,MYS,3.494042,3.281603,3.428974,3.402062,3.452344,3.538617,3.858011,2012
Poland,POL,3.431324,3.296296,3.095321,3.473182,3.297608,3.323182,4.037472,2012
New Zealand,NZL,3.42034,3.466576,3.419577,3.272136,3.250808,3.580893,3.553681,2012
Iceland,ISL,3.394894,3.533333,3.390427,3.005812,3.46735,3.390427,3.621197,2012
Qatar,QAT,3.321408,3.115179,3.227232,2.875,3.25,3.5,3.995446,2012
Slovenia,SVN,3.285889,3.052851,3.237784,3.344656,3.252342,3.202342,3.602505,2012
Cyprus,CYP,3.243102,3.023796,3.165135,3.205882,3.165135,3.356311,3.536417,2012
Bulgaria,BGR,3.209452,2.973999,3.204668,3.251317,3.095374,3.155823,3.560814,2012
Saudi Arabia,SAU,3.177839,2.788296,3.216401,3.102243,2.994793,3.213519,3.755949,2012
Thailand,THA,3.176152,2.958578,3.082139,3.211753,2.975513,3.177225,3.626809,2012
Chile,CHL,3.173874,3.109217,3.181308,3.060968,3.004337,3.224074,3.473585,2012
Hungary,HUN,3.171371,2.820873,3.136364,2.993802,3.183173,3.516608,3.405496,2012
Tunisia,TUN,3.168596,3.125,2.875,2.875,3.125,3.25,3.75,2012
Croatia,HRV,3.162318,3.058824,3.34649,2.94649,2.917886,3.2036,3.54321,2012
Malta,MLT,3.157735,2.807692,3.096154,3.17033,3.005245,3.054945,3.785714,2012
Czech Republic,CZE,3.141498,2.954545,2.960744,3.013375,3.341988,3.165517,3.400811,2012
Brazil,BRA,3.13114,2.509927,3.066024,3.12165,3.118297,3.417529,3.552235,2012
India,IND,3.075887,2.770263,2.866597,2.981828,3.136783,3.09405,3.581115,2012
Mexico,MEX,3.062717,2.630732,3.026609,3.065703,3.02011,3.153561,3.471374,2012
Bahrain,BHR,3.053371,2.666667,3.083333,2.833333,2.943056,3.416667,3.416667,2012
Argentina,ARG,3.046716,2.447484,2.943176,3.33106,2.952439,3.302219,3.266585,2012
Morocco,MAR,3.031835,2.637576,3.140404,3.011111,2.886027,3.011027,3.511027,2012
Slovak Republic,SVK,3.029374,2.875,2.985614,2.835938,3.066707,2.835938,3.573868,2012
Philippines,PHL,3.024864,2.625,2.802083,2.96875,3.135417,3.302083,3.302083,2012
Vietnam,VNM,3.004475,2.65028,2.681854,3.141387,2.681854,3.164915,3.644687,2012
Romania,ROM,2.995036,2.65442,2.510172,2.991766,2.827173,3.097778,3.816142,2012
Bosnia and Herzegovina,BIH,2.985346,2.651368,2.859642,3.004684,2.934712,2.809524,3.613445,2012
Uruguay,URY,2.983534,2.988243,2.871105,2.908522,2.97913,2.982596,3.162219,2012
"Egypt, Arab Rep.",EGY,2.978947,2.597529,3.068625,3.0,2.954101,2.858646,3.390457,2012
Lithuania,LTU,2.948307,2.727273,2.580372,2.97359,2.909091,2.727273,3.697195,2012
Indonesia,IDN,2.94478,2.52833,2.538118,2.965862,2.846221,3.119538,3.611708,2012
Peru,PER,2.935029,2.682346,2.729456,2.870563,2.909737,2.991857,3.401072,2012
Panama,PAN,2.926617,2.555556,2.944444,2.756944,2.838235,3.014706,3.465441,2012
Oman,OMN,2.887491,3.096753,2.96342,2.777778,2.733055,2.590198,3.165959,2012
"Yemen, Rep.",YEM,2.885715,2.289116,2.622449,3.142857,2.789116,3.122449,3.289116,2012
Colombia,COL,2.869333,2.647184,2.724782,2.759784,2.946826,2.658741,3.451564,2012
Estonia,EST,2.860271,2.509157,2.787912,2.81685,2.81685,3.0,3.226374,2012
Ukraine,UKR,2.854411,2.409117,2.692807,2.719742,2.84786,3.145309,3.311718,2012
Benin,BEN,2.852637,2.594445,2.569444,2.436111,2.902778,2.872222,3.736111,2012
Botswana,BWA,2.841809,2.8155,2.819723,2.526611,2.7428,2.733894,3.428787,2012
Greece,GRC,2.83265,2.383333,2.88337,2.690476,2.761905,2.976191,3.321062,2012
Kuwait,KWT,2.829627,2.733523,2.817963,2.678788,2.678788,2.978788,3.10726,2012
Pakistan,PAK,2.825614,2.846154,2.692308,2.857495,2.774162,2.607495,3.138721,2012
Mauritius,MUS,2.81887,2.583333,2.833333,2.5,2.666667,2.833333,3.521843,2012
Malawi,MWI,2.807967,2.513998,2.782488,3.005556,2.850572,2.561111,3.091285,2012
Guatemala,GTM,2.804983,2.622962,2.585634,2.815943,2.776808,2.800447,3.191132,2012
Serbia,SRB,2.799765,2.388889,2.622186,2.756808,2.80419,3.074031,3.141491,2012
Latvia,LVA,2.777878,2.714286,2.520703,2.71821,2.63948,2.972813,3.078947,2012
Georgia,GEO,2.774072,2.9,2.84625,2.676083,2.780972,2.590972,2.860055,2012
Albania,ALB,2.773218,2.426877,2.426877,2.841767,2.646856,2.64504,3.578028,2012
Ecuador,ECU,2.757479,2.359269,2.6198,2.863497,2.647352,2.582607,3.421552,2012
"Bahamas, The",BHS,2.752828,2.6875,2.769957,2.722842,2.692253,2.652945,2.987724,2012
Sri Lanka,LKA,2.750421,2.583333,2.5,3.0,2.795696,2.654251,2.901328,2012
Costa Rica,CRI,2.746444,2.46741,2.599993,2.853923,2.528462,2.805946,3.186154,2012
Côte d'Ivoire,CIV,2.731518,2.311905,2.312915,2.896248,2.730375,2.692352,3.359149,2012
Madagascar,MDG,2.723699,2.8,2.4,2.4,2.8,2.8,3.133333,2012
Dominican Republic,DOM,2.700172,2.525708,2.607577,2.829226,2.741668,2.48845,2.966711,2012
Kazakhstan,KAZ,2.694806,2.582967,2.601831,2.67326,2.751038,2.827961,2.728217,2012
Niger,NER,2.692196,2.666667,2.452525,2.907071,2.491414,2.491414,3.071596,2012
Tanzania,TZA,2.653681,2.167414,2.405322,2.913352,2.635294,2.770495,2.968627,2012
Namibia,NAM,2.653033,2.727273,2.716254,2.494031,2.649181,2.848065,2.521458,2012
Bolivia,BOL,2.61324,2.399105,2.385199,2.596966,2.584893,2.731506,2.953585,2012
Belarus,BLR,2.611583,2.235294,2.779756,2.576125,2.647553,2.576125,2.873873,2012
Syrian Arab Republic,SYR,2.603861,2.332503,2.544878,2.621679,2.475474,2.35216,3.262124,2012
El Salvador,SLV,2.601434,2.284239,2.456765,2.568307,2.597104,2.596444,3.081696,2012
Guinea-Bissau,GNB,2.595838,2.393939,2.681818,2.606061,2.581818,2.581818,2.736212,2012
Russian Federation,RUS,2.584962,2.035644,2.446233,2.587751,2.646521,2.75969,3.016401,2012
Lebanon,LBN,2.580148,2.214286,2.410629,2.714286,2.376395,2.607165,3.112103,2012
Togo,TGO,2.579166,2.285714,2.459184,3.12585,2.292517,2.459184,2.765306,2012
Central African Republic,CAF,2.573243,2.451515,2.088485,2.334199,2.7,2.477056,3.334199,2012
"Macedonia, FYR",MKD,2.564755,2.235294,2.601846,2.664591,2.664591,2.41361,2.790786,2012
Armenia,ARM,2.564369,2.267628,2.37602,2.653846,2.403846,2.570513,3.070513,2012
Cambodia,KHM,2.562333,2.29779,2.19779,2.612121,2.50101,2.770051,2.945455,2012
Jordan,JOR,2.556634,2.272727,2.484298,2.884298,2.17438,2.547314,2.922314,2012
Zimbabwe,ZWE,2.549114,2.314652,2.2,2.66978,2.268132,2.498901,3.268132,2012
Maldives,MDV,2.545227,2.241918,2.470588,2.470588,2.682526,2.432526,2.959198,2012
Honduras,HND,2.533225,2.392286,2.350492,2.701976,2.441584,2.350492,2.903887,2012
Cameroon,CMR,2.527709,2.368421,2.24446,2.369404,2.408433,2.551291,3.194148,2012
Bhutan,BTN,2.520324,2.291667,2.293876,2.611882,2.420267,2.563124,2.896457,2012
Ghana,GHA,2.507655,2.333333,2.054167,2.805556,2.680556,2.305556,2.760417,2012
Lao PDR,LAO,2.499604,2.384615,2.402098,2.402098,2.493007,2.48718,2.820513,2012
Senegal,SEN,2.491924,2.461539,2.307692,2.720414,2.553837,2.099292,2.735655,2012
"Venezuela, RB",VEN,2.489532,2.097657,2.167156,2.54458,2.327155,2.567155,3.176373,2012
"Iran, Islamic Rep.",IRN,2.489397,2.190172,2.424183,2.491403,2.663043,2.493274,2.663043,2012
Paraguay,PRY,2.48255,2.363636,2.409878,2.31464,2.489073,2.589072,2.739073,2012
Sco Tomi and Principe,STP,2.481508,2.333333,2.237374,2.328283,2.419192,2.782828,2.782828,2012
Guinea,GIN,2.481321,2.415751,2.340659,2.665751,2.587912,2.332417,2.499084,2012
Azerbaijan,AZE,2.481118,1.917234,2.417233,2.428571,2.142857,2.750567,3.226531,2012
Uzbekistan,UZB,2.46486,2.25,2.25,2.375,2.392113,2.53497,2.963542,2012
"Gambia, The",GMB,2.463075,2.285714,1.897174,2.629644,2.546311,2.796311,2.546311,2012
Liberia,LBR,2.448261,2.0,2.408391,2.541177,2.455091,2.421008,2.839706,2012
Montenegro,MNE,2.448077,2.3125,2.300781,2.222656,2.348564,2.618805,2.891532,2012
Nigeria,NGA,2.446722,1.967742,2.270559,2.596755,2.520195,2.347482,2.924405,2012
Kenya,KEN,2.433501,2.076923,2.155998,2.685463,2.384807,2.337816,2.882616,2012
Fiji,FJI,2.419238,2.066667,2.22188,2.41453,2.179088,2.479088,3.118678,2012
Jamaica,JAM,2.416717,2.220187,2.269434,2.427535,2.207787,2.434409,2.911947,2012
Algeria,DZA,2.414844,2.259596,2.016162,2.682828,2.127273,2.460606,2.854286,2012
Solomon Islands,SLB,2.413215,2.371066,2.03099,2.4375,2.139955,2.389955,3.044317,2012
Mauritania,MRT,2.396732,2.333333,2.335859,2.517677,2.282155,2.282155,2.598114,2012
Papua New Guinea,PNG,2.375238,1.976471,2.203361,2.341177,2.179972,2.513305,3.013305,2012
Myanmar,MMR,2.36822,2.235294,2.099896,2.471082,2.422693,2.33936,2.58936,2012
Kyrgyz Republic,KGZ,2.353238,2.44522,2.489338,1.995221,2.245221,2.307721,2.68614,2012
Gabon,GAB,2.344965,2.0,2.0,2.4,2.4,2.2,3.0,2012
Moldova,MDA,2.330267,2.171876,2.441303,2.08,2.149451,2.435498,2.743191,2012
Guyana,GUY,2.327527,2.285417,2.149801,2.351389,2.329167,2.140278,2.668056,2012
Burkina Faso,BFA,2.32259,2.118603,2.4,2.333333,2.276698,2.133333,2.666667,2012
Afghanistan,AFG,2.297272,2.333617,2.003611,2.332182,2.162592,2.095155,2.795259,2012
Tajikistan,TJK,2.283679,2.434264,2.028388,2.331614,2.22055,2.129641,2.507453,2012
Libya,LBY,2.282752,2.080357,1.75,2.625,2.25,2.375,2.508929,2012
Angola,AGO,2.27602,2.333333,2.482869,2.25873,2.002635,2.001506,2.585969,2012
Rwanda,RWA,2.267065,2.1875,1.875,2.273623,2.057031,2.390365,2.763869,2012
Mongolia,MNG,2.25026,1.983333,2.216667,2.133333,1.883333,2.288889,2.992222,2012
Ethiopia,ETH,2.236854,2.028847,2.217391,2.347029,2.160491,2.102758,2.537377,2012
Lesotho,LSO,2.235958,2.0,2.125,2.125,2.420238,1.991667,2.731429,2012
"Congo, Dem. Rep.",ZAR,2.205073,2.100339,1.958053,2.234858,2.171679,2.35262,2.381492,2012
Cuba,CUB,2.196115,2.177049,2.084762,2.123218,2.214157,2.264098,2.308553,2012
Iraq,IRQ,2.159177,1.747495,1.915867,2.381332,2.193769,1.863025,2.771385,2012
Comoros,COM,2.140745,2.0,1.939394,1.810606,2.199495,2.199495,2.699495,2012
Eritrea,ERI,2.110199,1.78,1.833333,2.633333,2.033333,1.833333,2.433333,2012
Sudan,SDN,2.103464,2.136188,2.011188,1.934799,2.333333,1.888889,2.309799,2012
"Congo, Rep.",COG,2.084591,1.796825,1.272487,1.942328,2.153527,2.347972,2.903527,2012
Sierra Leone,SLE,2.079115,1.727273,2.50101,1.854545,1.984512,2.136027,2.348754,2012
Nepal,NPL,2.035439,2.195812,1.86963,1.85989,2.12009,1.950391,2.208121,2012
Chad,TCD,2.029731,1.857143,2.0,2.0,2.0,1.571429,2.714286,2012
Haiti,HTI,2.026325,1.783206,1.777778,1.943333,1.737636,2.149504,2.736027,2012
Djibouti,DJI,1.797835,1.718182,1.506643,1.765734,1.836286,1.725175,2.190326,2012
Burundi,BDI,1.60996,1.665079,1.679048,1.571429,1.428571,1.665079,1.665079,2012
Germany,DEU,4.121983,4.098098,4.323295,3.744272,4.122776,4.167922,4.360813,2014
Netherlands,NLD,4.047782,3.963995,4.229527,3.641035,4.127404,4.073242,4.336971,2014
Belgium,BEL,4.04466,3.801493,4.098801,3.797858,4.111112,4.112492,4.390126,2014
United Kingdom,GBR,4.014649,3.938881,4.158261,3.629658,4.028607,4.084338,4.328614,2014
Singapore,SGP,4.004448,4.007115,4.278593,3.703168,3.966698,3.904885,4.249636,2014
Sweden,SWE,3.961349,3.75,4.09375,3.75625,3.98125,3.975,4.258333,2014
Norway,NOR,3.958243,4.20779,4.191941,3.422711,4.191941,3.499634,4.358583,2014
Luxembourg,LUX,3.946726,3.818182,3.909091,3.818182,3.783471,3.683471,4.705877,2014
United States,USA,3.917825,3.728529,4.184653,3.44804,3.970199,4.137596,4.136495,2014
Japan,JPN,3.914618,3.781139,4.155425,3.518439,3.931567,3.95238,4.23948,2014
Ireland,IRL,3.868014,3.8,3.84,3.44,3.943467,4.125285,4.125285,2014
Canada,CAN,3.855498,3.608017,4.054256,3.464442,3.940668,3.968199,4.177313,2014
France,FRA,3.847305,3.647901,3.982774,3.682113,3.754644,3.886686,4.174037,2014
Switzerland,CHE,3.843969,3.919063,4.043594,3.577044,3.7514,3.786981,4.058712,2014
"Hong Kong SAR, China",HKG,3.826763,3.724201,3.971997,3.579754,3.808917,3.871446,4.061154,2014
Australia,AUS,3.810776,3.853854,3.99996,3.518525,3.748209,3.814925,4.002407,2014
Denmark,DNK,3.78252,3.789988,3.816178,3.649512,3.741392,3.356776,4.385104,2014
Spain,ESP,3.718636,3.62747,3.773806,3.505149,3.830432,3.544628,4.074288,2014
Taiwan,TWN,3.717205,3.548041,3.63642,3.706744,3.595053,3.791858,4.023993,2014
Italy,ITA,3.691076,3.355694,3.775923,3.538153,3.62495,3.835361,4.04898,2014
"Korea, Rep.",KOR,3.666238,3.471572,3.791016,3.437586,3.663521,3.689169,3.995877,2014
Austria,AUT,3.648587,3.531243,3.63611,3.26111,3.558489,3.934276,4.03734,2014
New Zealand,NZL,3.643892,3.921443,3.671443,3.671443,3.555556,3.333333,3.723192,2014
Finland,FIN,3.623035,3.892006,3.518235,3.517647,3.722474,3.306622,3.799397,2014
Malaysia,MYS,3.590425,3.36772,3.558952,3.64433,3.465639,3.581918,3.91714,2014
Portugal,PRT,3.560284,3.263158,3.372114,3.42767,3.713122,3.713122,3.868503,2014
United Arab Emirates,ARE,3.539098,3.41979,3.703943,3.200965,3.497073,3.574286,3.915654,2014
China,CHN,3.531463,3.205138,3.669272,3.503218,3.460197,3.503259,3.866815,2014
Qatar,QAT,3.516657,3.206818,3.439141,3.550252,3.550252,3.469697,3.869697,2014
Turkey,TUR,3.500225,3.232654,3.533005,3.182316,3.640789,3.773236,3.684326,2014
Poland,POL,3.493829,3.25534,3.083333,3.456749,3.465008,3.543212,4.133248,2014
Czech Republic,CZE,3.492416,3.238095,3.28524,3.586281,3.514164,3.558245,3.734156,2014
Hungary,HUN,3.464438,2.970238,3.179665,3.401887,3.33491,3.823237,4.05913,2014
South Africa,ZAF,3.431244,3.107811,3.2,3.45,3.617883,3.302093,3.881041,2014
Thailand,THA,3.42958,3.20915,3.40451,3.295637,3.288935,3.451963,3.95624,2014
Latvia,LVA,3.402789,3.221575,3.029151,3.376299,3.209473,3.503125,4.059148,2014
Iceland,ISL,3.391863,3.538461,3.342209,3.153846,3.461539,3.384615,3.508876,2014
Slovenia,SVN,3.383272,3.113836,3.349875,3.049875,3.508563,3.508563,3.817306,2014
Estonia,EST,3.34592,3.395238,3.338095,3.338095,3.266667,3.195238,3.552381,2014
Romania,ROM,3.261155,2.832622,2.773306,3.322581,3.19678,3.390328,3.998976,2014
Israel,ISR,3.260446,3.101191,3.112302,2.712302,3.351191,3.198016,4.17619,2014
Chile,CHL,3.255786,3.172736,3.172441,3.12169,3.194292,3.302573,3.591146,2014
Slovak Republic,SVK,3.254533,2.888889,3.218518,3.301764,3.158906,3.016049,3.942416,2014
Greece,GRC,3.201602,3.360818,3.166275,2.970246,3.227133,3.027133,3.504077,2014
Panama,PAN,3.193734,3.149714,2.995915,3.183415,2.865686,3.336275,3.630392,2014
Lithuania,LTU,3.178416,3.044675,3.184799,3.098107,2.992647,3.173407,3.601811,2014
Bulgaria,BGR,3.157151,2.75,2.9375,3.3125,3.0,2.875,4.037054,2014
Vietnam,VNM,3.154763,2.809177,3.112863,3.217391,3.092069,3.192069,3.490345,2014
Saudi Arabia,SAU,3.148437,2.85644,3.34218,2.93211,3.112258,3.149334,3.554646,2014
Mexico,MEX,3.128319,2.688755,3.036238,3.192201,3.118379,3.142673,3.570401,2014
Malta,MLT,3.106275,3.0,3.076923,3.230769,3.0,3.153846,3.153846,2014
Bahrain,BHR,3.083116,3.29,3.04,3.04,3.04,3.29,2.8,2014
Indonesia,IDN,3.081806,2.869565,2.918715,2.873931,3.209638,3.107969,3.529022,2014
India,IND,3.080137,2.717276,2.877227,3.198278,3.029319,3.109802,3.510833,2014
Croatia,HRV,3.052949,2.947368,2.922822,2.978378,3.0,3.105263,3.368421,2014
Kuwait,KWT,3.0113,2.694661,3.159088,2.759088,2.956508,3.159088,3.394986,2014
Philippines,PHL,3.003844,3.0,2.6,3.333333,2.933333,3.0,3.066667,2014
Cyprus,CYP,3.000577,2.877876,2.871428,3.014286,2.923077,3.0,3.307692,2014
Oman,OMN,2.995026,2.634615,2.884615,3.409091,2.837413,2.837413,3.291958,2014
Argentina,ARG,2.986475,2.546248,2.831158,2.957428,2.930554,3.150335,3.492036,2014
Ukraine,UKR,2.976444,2.690782,2.649754,2.947146,2.840639,3.19982,3.509188,2014
"Egypt, Arab Rep.",EGY,2.965911,2.852413,2.86127,2.866667,2.990973,3.232103,2.992103,2014
Serbia,SRB,2.962556,2.370655,2.725668,3.119549,3.018467,2.935312,3.552764,2014
El Salvador,SLV,2.960467,2.932304,2.633917,3.198111,3.163062,2.999949,2.753175,2014
Brazil,BRA,2.943951,2.481013,2.927419,2.80475,3.050503,3.027022,3.387455,2014
"Bahamas, The",BHS,2.910966,3.001736,2.740867,2.958333,2.915029,2.642302,3.19439,2014
Montenegro,MNE,2.87552,2.832234,2.839561,3.147253,2.454945,2.762637,3.187985,2014
Jordan,JOR,2.873924,2.596212,2.590152,2.955682,2.939394,2.666667,3.459975,2014
Dominican Republic,DOM,2.860551,2.584387,2.610672,2.928854,2.91166,2.91166,3.178105,2014
Jamaica,JAM,2.842494,2.877505,2.842107,2.785068,2.71574,2.71574,3.140595,2014
Peru,PER,2.840685,2.46875,2.720363,2.9375,2.78125,2.8125,3.298387,2014
Pakistan,PAK,2.825426,2.842105,2.669871,3.081636,2.787518,2.728695,2.787518,2014
Malawi,MWI,2.813029,2.785714,3.042141,2.625474,2.86146,2.630691,2.989155,2014
Kenya,KEN,2.812079,1.957639,2.402778,3.152778,2.652778,3.027778,3.579861,2014
Nigeria,NGA,2.808778,2.348629,2.559328,2.627793,2.702476,3.156793,3.464486,2014
"Venezuela, RB",VEN,2.808111,2.391304,2.605082,2.938415,2.763729,2.921623,3.184781,2014
Guatemala,GTM,2.797453,2.75,2.535714,2.869048,2.683148,2.683148,3.239358,2014
Paraguay,PRY,2.779734,2.493614,2.4553,2.82567,2.755886,2.893564,3.216688,2014
Côte d'Ivoire,CIV,2.761981,2.33324,2.40873,2.87072,2.623745,2.972635,3.31321,2014
Rwanda,RWA,2.759116,2.5,2.32197,2.776515,2.639394,2.939394,3.339394,2014
Bosnia and Herzegovina,BIH,2.747618,2.408796,2.554351,2.779526,2.732867,2.551049,3.443667,2014
Maldives,MDV,2.747544,2.952863,2.56214,2.919283,2.791667,2.701199,2.51148,2014
Cambodia,KHM,2.741407,2.666667,2.583333,2.833333,2.666667,2.916667,2.75,2014
Sco Tomi and Principe,STP,2.733896,2.416667,2.58649,2.950126,2.495581,3.131944,2.768308,2014
Lebanon,LBN,2.725805,2.294444,2.527778,2.527778,2.888889,3.222222,2.888889,2014
Ecuador,ECU,2.710986,2.487281,2.497314,2.791451,2.612717,2.67279,3.177934,2014
Costa Rica,CRI,2.700719,2.389128,2.432331,2.632331,2.861821,2.82807,3.038596,2014
Kazakhstan,KAZ,2.69942,2.326113,2.383023,2.676066,2.716356,2.832671,3.235119,2014
Sri Lanka,LKA,2.695239,2.5625,2.23151,2.564844,2.905308,2.76245,3.119593,2014
Russian Federation,RUS,2.694479,2.2,2.589942,2.640805,2.739834,2.851405,3.137022,2014
Uruguay,URY,2.678649,2.388889,2.511075,2.638753,2.576253,2.888753,3.05984,2014
Armenia,ARM,2.672723,2.625,2.375,2.75,2.75,2.5,3.0,2014
Namibia,NAM,2.657883,2.272727,2.570793,2.695793,2.687787,2.559429,3.146642,2014
Moldova,MDA,2.653311,2.461539,2.554241,3.137574,2.444986,2.354615,2.887574,2014
Nicaragua,NIC,2.653283,2.663827,2.202562,2.694146,2.580249,2.576957,3.165664,2014
Algeria,DZA,2.649451,2.714286,2.540816,2.540816,2.540816,2.540816,3.040816,2014
Colombia,COL,2.639637,2.587416,2.442362,2.717677,2.640476,2.54872,2.87381,2014
Burkina Faso,BFA,2.6383,2.5,2.348214,2.633929,2.633929,2.491071,3.205357,2014
Belarus,BLR,2.638168,2.500757,2.554074,2.744159,2.462317,2.506762,3.047282,2014
Ghana,GHA,2.626934,2.216488,2.669054,2.727273,2.371832,2.903635,2.860047,2014
Senegal,SEN,2.62217,2.611111,2.3,3.025,2.525,2.65,2.525,2014
Liberia,LBR,2.62,2.571429,2.571429,2.571429,2.857143,2.571429,2.571429,2014
Honduras,HND,2.607427,2.695652,2.242481,2.787936,2.469754,2.606118,2.787936,2014
Ethiopia,ETH,2.593625,2.420833,2.166667,2.5,2.620833,2.666667,3.166667,2014
Nepal,NPL,2.587906,2.3125,2.261434,2.637305,2.5,2.72354,3.056873,2014
Solomon Islands,SLB,2.587528,2.492677,2.463384,2.219697,2.717172,2.717172,2.963384,2014
Burundi,BDI,2.565735,2.6,2.4,2.6,2.51,2.51,2.76,2014
Bangladesh,BGD,2.56334,2.090909,2.114545,2.818182,2.636364,2.454545,3.18,2014
Benin,BEN,2.560822,2.643939,2.351515,2.689394,2.351515,2.451515,2.851515,2014
Tunisia,TUN,2.550996,2.015987,2.299082,2.909091,2.422016,2.422016,3.159045,2014
Fiji,FJI,2.545003,2.4,2.47,2.72,2.22,2.47,2.97,2014
Angola,AGO,2.54298,2.368421,2.105263,2.789474,2.311173,2.58895,3.023951,2014
Chad,TCD,2.52968,2.462963,2.333333,2.333333,2.337963,2.712963,3.023148,2014
Tajikistan,TJK,2.527419,2.352212,2.364091,2.727727,2.468479,2.468479,2.737212,2014
Mauritius,MUS,2.514919,2.25,2.5,2.625,2.483259,2.340402,2.875,2014
Georgia,GEO,2.507491,2.210526,2.421053,2.315789,2.439782,2.593311,3.093311,2014
"Macedonia, FYR",MKD,2.499137,2.351616,2.498898,2.382099,2.51444,2.462059,2.807487,2014
Libya,LBY,2.496979,2.411765,2.294118,2.294118,2.294118,2.854455,2.854455,2014
Mali,MLI,2.495227,2.083333,2.202778,2.802778,2.202778,2.702778,2.902778,2014
Botswana,BWA,2.492775,2.384615,2.233136,2.417752,2.577192,2.395374,2.940828,2014
Bolivia,BOL,2.480758,2.397991,2.171007,2.34652,2.67849,2.67849,2.596118,2014
Guinea,GIN,2.464191,2.340447,2.097318,2.470588,2.347318,2.409818,3.097318,2014
Zambia,ZMB,2.462674,2.539209,2.310606,2.128788,2.467993,2.467993,2.912626,2014
Guyana,GUY,2.459132,2.457584,2.395066,2.429117,2.270294,2.470294,2.742693,2014
Azerbaijan,AZE,2.448376,2.571429,2.714286,2.571429,2.142857,2.142857,2.571429,2014
Papua New Guinea,PNG,2.430098,2.4,2.227937,2.466667,2.466667,2.266667,2.733333,2014
Guinea-Bissau,GNB,2.426464,2.428571,2.285714,2.285714,2.571429,2.285714,2.714286,2014
Comoros,COM,2.402136,2.579085,2.3,2.511111,2.260294,2.371569,2.371569,2014
Uzbekistan,UZB,2.39477,1.8,2.011111,2.225397,2.368254,2.866667,3.08254,2014
Niger,NER,2.393399,2.485543,2.079882,2.384615,2.276874,2.360207,2.758271,2014
Lao PDR,LAO,2.389703,2.445139,2.20625,2.503704,2.308951,2.197839,2.651358,2014
Madagascar,MDG,2.382349,2.056818,2.147727,2.381313,2.329545,2.290404,3.074495,2014
Lesotho,LSO,2.372849,2.222222,2.350309,2.475309,2.225309,2.350309,2.600309,2014
Central African Republic,CAF,2.360932,2.470238,2.497619,2.160714,2.307936,2.307936,2.474603,2014
Mongolia,MNG,2.355608,2.2,2.287051,2.620385,2.334969,2.129516,2.514131,2014
Equatorial Guinea,GNQ,2.354636,2.347222,2.111111,2.111111,2.199074,2.527778,2.861111,2014
Zimbabwe,ZWE,2.33928,1.888889,2.248457,2.248457,2.498457,2.220293,2.934579,2014
Tanzania,TZA,2.330834,2.1875,2.317448,2.317448,2.178621,2.107193,2.892907,2014
Togo,TGO,2.31846,2.090909,2.072934,2.472934,2.139669,2.488866,2.599977,2014
Turkmenistan,TKM,2.30495,2.314429,2.064429,2.555556,2.072016,2.322016,2.447016,2014
Iraq,IRQ,2.29784,1.980646,2.184437,2.30889,2.145176,2.311813,2.851242,2014
Cameroon,CMR,2.296616,1.857143,1.853742,2.195748,2.520408,2.520408,2.795748,2014
Bhutan,BTN,2.29013,2.090909,2.182645,2.382645,2.482645,2.282645,2.282645,2014
Haiti,HTI,2.269601,2.25,1.998047,2.267174,2.144756,2.315823,2.626167,2014
Myanmar,MMR,2.249909,1.968452,2.142857,2.141941,2.071429,2.357143,2.834249,2014
"Gambia, The",GMB,2.249081,2.058025,2.0,2.666667,2.222222,2.0,2.458025,2014
Mozambique,MOZ,2.228925,2.261218,2.153846,2.076923,2.102127,2.076923,2.73718,2014
Mauritania,MRT,2.228909,1.925,2.4,2.066667,2.058333,2.225,2.75,2014
Kyrgyz Republic,KGZ,2.209336,2.031776,2.045971,2.433333,2.131777,2.199817,2.361905,2014
Gabon,GAB,2.202899,2.0,2.083333,2.583333,2.25,1.916667,2.308838,2014
"Yemen, Rep.",YEM,2.18395,1.625,1.87407,2.350446,2.207403,2.207589,2.779018,2014
Cuba,CUB,2.179734,2.170939,1.842105,2.473684,2.084128,1.988851,2.448222,2014
Sudan,SDN,2.160954,1.866542,1.897661,2.230994,2.180369,2.415663,2.33009,2014
Djibouti,DJI,2.149867,2.2,2.0,1.8,2.213333,2.0,2.742111,2014
Syrian Arab Republic,SYR,2.090922,2.071006,2.076923,2.154339,1.821006,1.904339,2.525049,2014
Eritrea,ERI,2.084755,1.898889,1.676667,1.9,2.232222,2.01,2.787778,2014
"Congo, Rep.",COG,2.077149,1.5,1.833333,2.166667,2.166667,2.166667,2.583333,2014
Afghanistan,AFG,2.069573,2.163453,1.818951,1.986686,2.119709,1.847776,2.482138,2014
"Congo, Dem. Rep.",ZAR,1.878857,1.77743,1.834573,1.704951,1.837745,2.104412,2.037745,2014
Somalia,SOM,1.773126,2.0,1.5,1.75,1.75,1.75,1.875,2014
Germany,DEU,4.201444,4.092256,4.374447,3.858998,4.31065,4.239401,4.392114,2018
Sweden,SWE,4.052905,4.049361,4.239947,3.915837,3.976896,3.876315,4.284866,2018
Belgium,BEL,4.039084,3.663064,3.984249,3.994913,4.130972,4.051289,4.410293,2018
Austria,AUT,4.026005,3.714068,4.181584,3.87753,4.083611,4.087098,4.250803,2018
Japan,JPN,4.02565,3.99399,4.24824,3.591916,4.088451,4.049101,4.254069,2018
Netherlands,NLD,4.019269,3.917559,4.207611,3.682287,4.087875,4.024758,4.253336,2018
Singapore,SGP,3.996119,3.887082,4.063787,3.580094,4.099996,4.080114,4.319944,2018
Denmark,DNK,3.991859,3.918058,3.95873,3.530159,4.007843,4.176078,4.407843,2018
United Kingdom,GBR,3.987057,3.772005,4.032786,3.672469,4.04983,4.107993,4.329937,2018
Finland,FIN,3.969148,3.815046,4.003472,3.562732,3.887269,4.323166,4.279861,2018
United Arab Emirates,ARE,3.956437,3.631403,4.021292,3.84737,3.919378,3.960279,4.376292,2018
"Hong Kong SAR, China",HKG,3.920067,3.814775,3.969004,3.768129,3.931662,3.918231,4.139137,2018
Switzerland,CHE,3.901372,3.629262,4.021835,3.514933,3.966859,4.096271,4.24183,2018
United States,USA,3.885129,3.775142,4.045132,3.506325,3.874253,4.091751,4.083623,2018
New Zealand,NZL,3.875644,3.708625,3.990676,3.428905,4.016317,3.916317,4.255307,2018
France,FRA,3.844475,3.589643,3.99688,3.545295,3.838338,3.999365,4.152037,2018
Spain,ESP,3.831336,3.620888,3.83987,3.82952,3.800271,3.834502,4.063369,2018
Australia,AUS,3.751431,3.867186,3.968431,3.247206,3.709445,3.816621,3.976111,2018
Italy,ITA,3.739152,3.472044,3.852904,3.512059,3.655042,3.854946,4.126595,2018
Canada,CAN,3.726715,3.60393,3.750496,3.381662,3.89804,3.809804,3.960503,2018
Norway,NOR,3.696623,3.52,3.691019,3.429029,3.688636,3.944192,3.942627,2018
Czech Republic,CZE,3.68033,3.286673,3.4646,3.746009,3.715632,3.703427,4.13362,2018
Portugal,PRT,3.643184,3.17135,3.247268,3.826492,3.705938,3.719307,4.125922,2018
Luxembourg,LUX,3.629998,3.527956,3.631442,3.371425,3.757625,3.61474,3.903863,2018
"Korea, Rep.",KOR,3.612164,3.402588,3.725528,3.330246,3.587763,3.754119,3.919574,2018
China,CHN,3.605147,3.285924,3.753218,3.535715,3.594975,3.648469,3.840015,2018
"Taiwan, China",TWN,3.599722,3.474167,3.720193,3.476875,3.565054,3.670812,3.720617,2018
Poland,POL,3.539533,3.253458,3.208902,3.678499,3.580044,3.505663,3.954262,2018
Ireland,IRL,3.510413,3.357716,3.293335,3.423977,3.595856,3.623034,3.756367,2018
Qatar,QAT,3.474205,3.0,3.375,3.75,3.418651,3.561508,3.704365,2018
Hungary,HUN,3.418764,3.354866,3.270945,3.22188,3.213207,3.670508,3.785941,2018
Thailand,THA,3.411058,3.142497,3.138133,3.456898,3.410726,3.467161,3.813817,2018
South Africa,ZAF,3.37611,3.1746,3.186554,3.508124,3.192726,3.411336,3.742441,2018
Chile,CHL,3.317145,3.274026,3.209678,3.271893,3.125072,3.203612,3.797014,2018
Slovenia,SVN,3.31478,3.418681,3.261905,3.187912,3.052381,3.266667,3.695238,2018
Estonia,EST,3.311613,3.322037,3.098638,3.262154,3.147851,3.206675,3.798684,2018
Israel,ISR,3.307796,3.316621,3.328609,2.783154,3.389333,3.500444,3.591467,2018
Panama,PAN,3.275982,2.866262,3.130318,3.314538,3.333333,3.4,3.596759,2018
Vietnam,VNM,3.27398,2.950154,3.00549,3.15549,3.39934,3.44978,3.672003,2018
Iceland,ISL,3.225014,2.769231,3.185584,2.792351,3.605164,3.353416,3.696966,2018
Malaysia,MYS,3.220886,2.898268,3.147186,3.347836,3.297836,3.147835,3.463814,2018
Greece,GRC,3.204561,2.839182,3.172495,3.303071,3.055823,3.175104,3.662264,2018
Oman,OMN,3.196838,2.866667,3.155275,3.299365,3.054147,2.970814,3.804147,2018
India,IND,3.176569,2.964512,2.905174,3.211983,3.128073,3.319387,3.497141,2018
Cyprus,CYP,3.150837,3.051648,2.892454,3.147619,3.004762,3.147619,3.622711,2018
Indonesia,IDN,3.150061,2.672778,2.895,3.228333,3.1,3.3,3.669556,2018
Turkey,TUR,3.145809,2.713469,3.210029,3.060677,3.046799,3.233056,3.628118,2018
Romania,ROM,3.118601,2.580718,2.906903,3.176497,3.073653,3.264727,3.681887,2018
Croatia,HRV,3.10409,2.978555,3.01282,2.929487,3.096154,3.01282,3.593939,2018
Côte d'Ivoire,CIV,3.082253,2.779167,2.886806,3.207318,3.227109,3.1362,3.227109,2018
Mexico,MEX,3.051375,2.769794,2.846917,3.102816,3.019504,3.004811,3.529618,2018
Bulgaria,BGR,3.033965,2.937588,2.762986,3.233723,2.881315,3.015289,3.313491,2018
Slovak Republic,SVK,3.02713,2.789011,3.0,3.101099,3.139194,2.985348,3.139194,2018
Lithuania,LTU,3.017524,2.846491,2.729618,2.78999,2.955624,3.123323,3.646595,2018
Saudi Arabia,SAU,3.011041,2.660549,3.107004,2.985055,2.860055,3.171576,3.300067,2018
Brazil,BRA,2.98579,2.406162,2.926983,2.881091,3.090163,3.111438,3.510178,2018
Rwanda,RWA,2.974757,2.666667,2.75505,3.391414,2.851178,2.751179,3.351178,2018
Colombia,COL,2.9416,2.612357,2.666667,3.194444,2.866024,3.084774,3.17097,2018
Bahrain,BHR,2.934817,2.669956,2.72488,3.024256,2.857267,3.012881,3.285448,2018
Philippines,PHL,2.903657,2.529412,2.725952,3.292618,2.776028,3.059174,2.983609,2018
Argentina,ARG,2.886984,2.417844,2.773509,2.923781,2.777043,3.046989,3.368942,2018
Ecuador,ECU,2.881649,2.801656,2.721777,2.751355,2.750736,3.070736,3.189954,2018
Kuwait,KWT,2.861212,2.725455,3.021818,2.627273,2.796537,2.658442,3.367965,2018
"Iran, Islamic Rep.",IRN,2.852721,2.625,2.766704,2.756771,2.838132,2.766704,3.355769,2018
Serbia,SRB,2.840953,2.597121,2.599877,2.971317,2.70465,2.789011,3.333418,2018
Ukraine,UKR,2.830178,2.49118,2.221296,2.829282,2.842631,3.109298,3.422145,2018
"Egypt, Arab Rep.",EGY,2.824902,2.6,2.817778,2.791889,2.817778,2.724389,3.194389,2018
Kenya,KEN,2.814935,2.653857,2.553886,2.621849,2.810438,3.069486,3.176152,2018
Malta,MLT,2.813784,2.697778,2.9,2.7,2.8,2.8,3.005445,2018
Latvia,LVA,2.809949,2.79657,2.983,2.744904,2.69255,2.787563,2.878851,2018
Kazakhstan,KAZ,2.809936,2.663851,2.54616,2.73366,2.577002,2.777002,3.525493,2018
Bosnia and Herzegovina,BIH,2.808565,2.631579,2.421053,2.842105,2.801754,2.894737,3.210526,2018
Costa Rica,CRI,2.791664,2.627541,2.494408,2.777327,2.704966,2.95836,3.155408,2018
Paraguay,PRY,2.782299,2.64,2.547013,2.693257,2.72195,2.613295,3.445366,2018
Russian Federation,RUS,2.756889,2.420382,2.77518,2.644032,2.74927,2.646039,3.313303,2018
Benin,BEN,2.749889,2.5625,2.496995,2.733894,2.502329,2.748422,3.415745,2018
Montenegro,MNE,2.745632,2.561131,2.574761,2.684087,2.723714,2.57516,3.329044,2018
Mauritius,MUS,2.732952,2.705,2.8,2.12,2.85631,2.999167,2.999167,2018
Lebanon,LBN,2.716853,2.384615,2.637081,2.803747,2.470414,2.803747,3.179649,2018
Brunei Darussalam,BRN,2.706557,2.622014,2.460946,2.51339,2.709827,2.747244,3.173628,2018
"Macedonia, FYR",MKD,2.704895,2.452814,2.473593,2.837229,2.74329,2.64329,3.034922,2018
Lao PDR,LAO,2.70029,2.61287,2.441327,2.715686,2.64902,2.914022,2.842594,2018
Peru,PER,2.693249,2.529412,2.281358,2.843858,2.421468,2.554801,3.445582,2018
Jordan,JOR,2.687973,2.491395,2.718464,2.443329,2.545078,2.77235,3.183243,2018
Uruguay,URY,2.685087,2.514882,2.43324,2.734974,2.708626,2.780353,2.906435,2018
Maldives,MDV,2.665471,2.398724,2.717922,2.659099,2.28615,2.600275,3.322872,2018
Dominican Republic,DOM,2.661765,2.405002,2.357383,2.770082,2.441572,2.974905,2.980595,2018
Albania,ALB,2.659603,2.347126,2.293674,2.823862,2.558898,2.665647,3.202666,2018
São Tomé and Principe,STP,2.653207,2.714286,2.330496,2.415986,2.646285,2.783317,3.014706,2018
Djibouti,DJI,2.634621,2.347337,2.791781,2.454545,2.249587,2.849587,3.150413,2018
Burkina Faso,BFA,2.621464,2.412879,2.430736,2.917749,2.459957,2.401515,3.037879,2018
Armenia,ARM,2.607607,2.573787,2.484109,2.649059,2.503441,2.511196,2.896062,2018
Honduras,HND,2.603918,2.238815,2.473403,2.662292,2.722923,2.677468,2.833523,2018
Sri Lanka,LKA,2.597928,2.582417,2.489011,2.514735,2.423826,2.787462,2.787462,2018
Cameroon,CMR,2.595547,2.459686,2.57248,2.872728,2.596936,2.471378,2.565542,2018
Mali,MLI,2.590265,2.153846,2.302539,2.702539,2.450493,3.077022,2.827022,2018
Malawi,MWI,2.585645,2.425926,2.175926,2.550926,2.675926,2.666667,2.975,2018
Cambodia,KHM,2.578608,2.369744,2.144546,2.793963,2.408093,2.515013,3.155346,2018
Uzbekistan,UZB,2.577256,2.103333,2.57,2.423333,2.587714,2.709048,3.09,2018
Bangladesh,BGD,2.576581,2.3,2.38868,2.562778,2.483444,2.785,2.923681,2018
El Salvador,SLV,2.575521,2.301136,2.249457,2.710675,2.560868,2.471675,3.098685,2018
Uganda,UGA,2.575405,2.610558,2.193993,2.760893,2.496367,2.414145,2.899217,2018
Belarus,BLR,2.574633,2.349962,2.440539,2.309091,2.641731,2.536468,3.176941,2018
Solomon Islands,SLB,2.57124,2.773972,2.206511,2.20487,2.733442,2.37316,3.116667,2018
Tunisia,TUN,2.569547,2.375,2.097569,2.49757,2.29757,2.864583,3.236042,2018
Ghana,GHA,2.565348,2.452214,2.44289,2.533799,2.506604,2.57094,2.87094,2018
Comoros,COM,2.557098,2.625,2.25,2.494978,2.213542,2.927827,2.804502,2018
Kyrgyz Republic,KGZ,2.54609,2.75,2.375,2.215402,2.358259,2.643973,2.940848,2018
Morocco,MAR,2.539661,2.328104,2.434603,2.575211,2.489252,2.512709,2.878139,2018
Nigeria,NGA,2.532085,1.966667,2.559722,2.522222,2.398611,2.684722,3.068333,2018
Zambia,ZMB,2.526313,2.180161,2.303431,3.052819,2.48139,1.98139,3.052819,2018
"Bahamas, The",BHS,2.525412,2.684211,2.408433,2.50145,2.267881,2.517881,2.751119,2018
Jamaica,JAM,2.518664,2.415685,2.324362,2.534271,2.536251,2.480695,2.79256,2018
Nepal,NPL,2.513022,2.289835,2.194139,2.360806,2.464161,2.645979,3.100524,2018
"Congo, Rep.",COG,2.485858,2.272727,2.066116,2.866116,2.281405,2.377966,2.949395,2018
Moldova,MDA,2.455908,2.253755,2.019938,2.693258,2.299887,2.205764,3.166819,2018
Algeria,DZA,2.448071,2.13028,2.421383,2.38747,2.391247,2.604862,2.761177,2018
Togo,TGO,2.447461,2.314394,2.23245,2.518939,2.249719,2.449635,2.878886,2018
Georgia,GEO,2.442824,2.423617,2.382213,2.375546,2.25668,2.25668,2.945344,2018
"Congo, Dem. Rep.",ZAR,2.428379,2.369953,2.116204,2.366204,2.493663,2.508333,2.686857,2018
Sudan,SDN,2.427574,2.135556,2.181818,2.581818,2.50505,2.50505,2.616162,2018
Pakistan,PAK,2.419197,2.122048,2.197486,2.629385,2.58688,2.265452,2.663294,2018
Chad,TCD,2.417437,2.153846,2.372041,2.369527,2.619823,2.372041,2.619823,2018
Trinidad and Tobago,TTO,2.415642,2.423196,2.382692,2.586367,2.270751,2.267067,2.531926,2018
Guatemala,GTM,2.414617,2.157708,2.19619,2.332191,2.248857,2.415524,3.111029,2018
Turkmenistan,TKM,2.409804,2.350292,2.228861,2.287685,2.307501,2.557501,2.71865,2018
"Gambia, The",GMB,2.401189,2.076923,1.818935,2.705325,2.205325,2.805326,2.705325,2018
Madagascar,MDG,2.389411,2.31615,2.159544,2.185464,2.329992,2.610218,2.732839,2018
Guinea-Bissau,GNB,2.387105,2.007955,1.77974,2.534091,2.284091,2.784091,2.856331,2018
Mongolia,MNG,2.373274,2.224493,2.096491,2.48538,2.207602,2.099759,3.060681,2018
Bolivia,BOL,2.358376,2.318927,2.152436,2.535217,2.210882,2.131688,2.742127,2018
Guyana,GUY,2.358312,2.553678,2.089314,2.167913,2.235694,2.439111,2.646677,2018
Fiji,FJI,2.351727,2.412106,2.402761,2.162106,2.307692,2.307692,2.538461,2018
Tajikistan,TJK,2.339558,1.923077,2.166173,2.312612,2.33284,2.33284,2.948976,2018
Mauritania,MRT,2.331071,2.2,2.262861,2.192369,2.192369,2.46841,2.676646,2018
Equatorial Guinea,GNQ,2.317643,1.910268,1.875,2.875,2.25,2.125,2.75,2018
Myanmar,MMR,2.297734,2.166667,1.994689,2.199142,2.279251,2.202327,2.908419,2018
Syrian Arab Republic,SYR,2.295541,1.819048,2.514286,2.3663,2.289377,2.3663,2.443223,2018
Lesotho,LSO,2.277266,2.361111,1.958333,2.208333,2.032408,2.365741,2.699074,2018
"Yemen, Rep.",YEM,2.265255,2.400794,2.116794,2.206984,2.259524,2.161905,2.426191,2018
Senegal,SEN,2.252378,2.169242,2.224286,2.363394,2.106639,2.106639,2.518404,2018
"Venezuela, RB",VEN,2.229216,1.787384,2.096936,2.379562,2.206915,2.294127,2.581759,2018
Liberia,LBR,2.229198,1.905628,1.914419,2.082001,2.139074,2.048165,3.246348,2018
Somalia,SOM,2.208677,2.0,1.812865,2.612865,2.304539,2.23311,2.204196,2018
Guinea,GIN,2.200858,2.447016,1.555556,2.322016,2.072016,2.697016,2.03689,2018
Cuba,CUB,2.197159,2.029672,2.041667,2.270412,2.202441,2.146886,2.462494,2018
Iraq,IRQ,2.176271,1.839437,2.0335,2.324812,1.908431,2.191533,2.719949,2018
Papua New Guinea,PNG,2.174101,2.321008,1.97076,2.147231,1.882747,2.257747,2.43608,2018
Bhutan,BTN,2.16898,2.136382,1.908333,1.803902,2.346263,2.346263,2.486475,2018
Gabon,GAB,2.161902,1.95554,2.091861,2.098679,2.074762,2.06746,2.672265,2018
Central African Republic,CAF,2.148357,2.238095,1.928571,2.304762,1.928571,2.104762,2.333333,2018
Zimbabwe,ZWE,2.120121,2.0,1.833333,2.055556,2.160494,2.262147,2.385957,2018
Haiti,HTI,2.112341,2.031682,1.944633,2.005479,2.186149,2.054122,2.439257,2018
Libya,LBY,2.106462,1.953632,2.248718,1.989135,2.045299,1.635844,2.770085,2018
Eritrea,ERI,2.087142,2.133929,1.8625,2.0875,2.167262,2.167262,2.081548,2018
Sierra Leone,SLE,2.078033,1.818182,1.818182,2.184298,2.0,2.272727,2.338329,2018
Niger,NER,2.06995,1.7655,2.001111,2.001111,2.1,2.223333,2.334445,2018
Burundi,BDI,2.063609,1.6875,1.952865,2.214416,2.332091,2.006542,2.165472,2018
Angola,AGO,2.046158,1.571429,1.857143,2.202283,2.004317,2.004317,2.594983,2018
Afghanistan,AFG,1.948565,1.7349,1.807143,2.104431,1.919246,1.697024,2.382438,2018
Singapore,SGP,4.3,4.2,4.6,4.0,4.4,4.4,4.3,2023
Finland,FIN,4.2,4.0,4.2,4.1,4.2,4.2,4.3,2023
Denmark,DNK,4.1,4.1,4.1,3.6,4.1,4.3,4.1,2023
Germany,DEU,4.1,3.9,4.3,3.7,4.2,4.2,4.1,2023
Netherlands,NLD,4.1,3.9,4.2,3.7,4.2,4.2,4.0,2023
Switzerland,CHE,4.1,4.1,4.4,3.6,4.3,4.2,4.2,2023
Austria,AUT,4.0,3.7,3.9,3.8,4.0,4.2,4.3,2023
Belgium,BEL,4.0,3.9,4.1,3.8,4.2,4.0,4.2,2023
Canada,CAN,4.0,4.0,4.3,3.6,4.2,4.1,4.1,2023
"Hong Kong SAR, China",HKG,4.0,3.8,4.0,4.0,4.0,4.2,4.1,2023
Sweden,SWE,4.0,4.0,4.2,3.4,4.2,4.1,4.2,2023
United Arab Emirates,ARE,4.0,3.7,4.1,3.8,4.0,4.1,4.2,2023
France,FRA,3.9,3.7,3.8,3.7,3.8,4.0,4.1,2023
Japan,JPN,3.9,3.9,4.2,3.3,4.1,4.0,4.0,2023
Spain,ESP,3.9,3.6,3.8,3.7,3.9,4.1,4.2,2023
"Taiwan, China",TWN,3.9,3.5,3.8,3.7,3.9,4.2,4.2,2023
"Korea, Rep.",KOR,3.8,3.9,4.1,3.4,3.8,3.8,3.8,2023
United States,USA,3.8,3.7,3.9,3.4,3.9,4.2,3.8,2023
Australia,AUS,3.7,3.7,4.1,3.1,3.9,4.1,3.6,2023
China,CHN,3.7,3.3,4.0,3.6,3.8,3.8,3.7,2023
Greece,GRC,3.7,3.2,3.7,3.8,3.8,3.9,3.9,2023
Italy,ITA,3.7,3.4,3.8,3.4,3.8,3.9,3.9,2023
Norway,NOR,3.7,3.8,3.9,3.0,3.8,3.7,4.0,2023
South Africa,ZAF,3.7,3.3,3.6,3.6,3.8,3.8,3.8,2023
United Kingdom,GBR,3.7,3.5,3.7,3.5,3.7,4.0,3.7,2023
Estonia,EST,3.6,3.2,3.5,3.4,3.7,3.8,4.1,2023
Iceland,ISL,3.6,3.7,3.6,3.3,3.5,3.7,3.6,2023
Ireland,IRL,3.6,3.4,3.5,3.6,3.6,3.7,3.7,2023
Israel,ISR,3.6,3.4,3.7,3.5,3.8,3.7,3.8,2023
Luxembourg,LUX,3.6,3.6,3.6,3.6,3.9,3.5,3.5,2023
Malaysia,MYS,3.6,3.3,3.6,3.7,3.7,3.7,3.7,2023
New Zealand,NZL,3.6,3.4,3.8,3.2,3.7,3.8,3.8,2023
Poland,POL,3.6,3.4,3.5,3.3,3.6,3.8,3.9,2023
Bahrain,BHR,3.5,3.3,3.6,3.1,3.3,3.4,4.1,2023
Latvia,LVA,3.5,3.3,3.3,3.2,3.7,3.6,4.0,2023
Qatar,QAT,3.5,3.1,3.8,3.1,3.9,3.6,3.5,2023
Thailand,THA,3.5,3.3,3.7,3.5,3.5,3.6,3.5,2023
India,IND,3.4,3.0,3.2,3.5,3.5,3.4,3.6,2023
Lithuania,LTU,3.4,3.2,3.5,3.4,3.6,3.1,3.6,2023
Portugal,PRT,3.4,3.2,3.6,3.1,3.6,3.2,3.6,2023
Saudi Arabia,SAU,3.4,3.0,3.6,3.3,3.3,3.5,3.6,2023
TC<rkiye,,3.4,3.0,3.4,3.4,3.5,3.5,3.6,2023
Croatia,HRV,3.3,3.0,3.0,3.6,3.4,3.4,3.2,2023
Czech Republic,CZE,3.3,3.0,3.0,3.4,3.6,3.2,3.7,2023
Malta,MLT,3.3,3.4,3.7,3.0,3.4,3.4,3.2,2023
Oman,OMN,3.3,3.0,3.2,3.4,3.2,3.9,3.1,2023
Philippines,PHL,3.3,2.8,3.2,3.1,3.3,3.3,3.9,2023
Slovak Republic,SVK,3.3,3.2,3.3,3.0,3.4,3.3,3.5,2023
Slovenia,SVN,3.3,3.4,3.6,3.4,3.3,3.0,3.3,2023
Vietnam,VNM,3.3,3.1,3.2,3.3,3.2,3.4,3.3,2023
Brazil,BRA,3.2,2.9,3.2,2.9,3.3,3.2,3.5,2023
Bulgaria,BGR,3.2,3.1,3.1,3.0,3.3,3.3,3.5,2023
Cyprus,CYP,3.2,2.9,2.8,3.1,3.2,3.4,3.5,2023
Hungary,HUN,3.2,2.7,3.1,3.4,3.1,3.4,3.6,2023
Kuwait,KWT,3.2,3.2,3.6,3.2,2.9,3.3,2.8,2023
Romania,ROM,3.2,2.7,2.9,3.4,3.3,3.5,3.6,2023
Botswana,BWA,3.1,3.0,3.1,3.0,3.4,3.0,3.3,2023
"Egypt, Arab Rep.",EGY,3.1,2.8,3.0,3.2,2.9,2.9,3.6,2023
North Macedonia,,3.1,3.1,3.0,2.8,3.2,3.2,3.5,2023
Panama,PAN,3.1,3.0,3.3,3.1,3.0,2.9,3.4,2023
Bosnia and Herzegovina,BIH,3.0,2.7,2.6,3.1,2.9,3.2,3.2,2023
Chile,CHL,3.0,3.0,2.8,2.7,3.1,3.0,3.2,2023
Indonesia,IDN,3.0,2.8,2.9,3.0,2.9,3.0,3.3,2023
Peru,PER,3.0,2.6,2.5,3.1,2.7,3.4,3.4,2023
Uruguay,URY,3.0,2.9,2.7,2.7,3.1,3.3,3.2,2023
Antigua and Barbuda,,2.9,2.2,2.7,2.9,2.9,3.2,3.4,2023
Benin,BEN,2.9,2.7,2.5,2.9,3.0,3.2,2.7,2023
Colombia,COL,2.9,2.5,2.9,3.0,3.1,3.1,3.2,2023
Costa Rica,CRI,2.9,2.8,2.7,2.8,2.9,2.9,3.2,2023
Honduras,HND,2.9,2.8,2.7,3.0,2.7,2.6,3.2,2023
Mexico,MEX,2.9,2.5,2.8,2.8,3.0,3.1,3.5,2023
Namibia,NAM,2.9,2.8,2.8,3.0,2.9,2.8,2.9,2023
Argentina,ARG,2.8,2.7,2.8,2.7,2.7,2.9,3.1,2023
Montenegro,MNE,2.8,2.6,2.5,2.8,2.8,3.2,3.2,2023
Rwanda,RWA,2.8,2.5,2.9,2.4,3.0,3.0,3.1,2023
Serbia,SRB,2.8,2.2,2.4,2.9,2.7,2.9,3.4,2023
Solomon Islands,SLB,2.8,2.4,2.6,2.9,2.9,2.9,3.2,2023
Sri Lanka,LKA,2.8,2.5,2.4,2.8,2.7,3.0,3.3,2023
"Bahamas, The",BHS,2.7,2.7,2.5,3.1,2.5,2.6,3.0,2023
Belarus,BLR,2.7,2.6,2.7,2.6,2.6,2.6,3.1,2023
Djibouti,DJI,2.7,2.6,2.3,2.5,2.8,2.7,3.6,2023
El Salvador,SLV,2.7,2.4,2.2,2.6,2.7,2.9,3.2,2023
Georgia,GEO,2.7,2.6,2.3,2.7,2.6,2.8,3.1,2023
Kazakhstan,KAZ,2.7,2.6,2.5,2.6,2.7,2.8,2.9,2023
Papua New Guinea,PNG,2.7,2.4,2.4,2.6,2.7,3.0,3.3,2023
Paraguay,PRY,2.7,2.4,2.5,2.7,2.6,2.8,3.0,2023
Ukraine,UKR,2.7,2.4,2.4,2.8,2.6,2.6,3.1,2023
Bangladesh,BGD,2.6,2.3,2.3,2.6,2.7,2.4,3.0,2023
"Congo, Rep.",COG,2.6,2.3,2.1,2.6,2.9,2.7,2.9,2023
Dominican Republic,DOM,2.6,2.6,2.7,2.4,2.6,2.4,3.1,2023
Guatemala,GTM,2.6,2.3,2.4,2.8,2.7,2.7,2.6,2023
Guinea-Bissau,GNB,2.6,2.7,2.4,2.9,2.9,2.3,2.4,2023
Mali,MLI,2.6,2.6,2.0,2.6,2.5,2.7,3.1,2023
Nigeria,NGA,2.6,2.4,2.4,2.5,2.3,2.7,3.1,2023
Russian Federation,RUS,2.6,2.4,2.7,2.3,2.6,2.5,2.9,2023
Uzbekistan,UZB,2.6,2.6,2.4,2.6,2.6,2.4,2.8,2023
Albania,ALB,2.5,2.4,2.7,2.8,2.3,2.3,2.5,2023
Algeria,DZA,2.5,2.3,2.1,3.0,2.2,2.5,2.6,2023
Armenia,ARM,2.5,2.5,2.6,2.2,2.6,2.3,2.7,2023
Bhutan,BTN,2.5,2.7,2.2,2.3,2.6,2.3,2.6,2023
Central African Republic,CAF,2.5,2.4,2.6,2.1,2.9,2.4,2.6,2023
"Congo, Dem. Rep.",ZAR,2.5,2.3,2.3,2.5,2.4,2.5,2.8,2023
Ghana,GHA,2.5,2.7,2.4,2.4,2.5,2.2,2.7,2023
Grenada,,2.5,2.6,2.5,2.6,2.2,2.3,3.1,2023
Guinea,GIN,2.5,2.4,2.4,2.2,2.7,2.7,2.5,2023
Jamaica,JAM,2.5,2.2,2.4,2.4,2.5,2.8,2.9,2023
Mauritius,MUS,2.5,2.4,2.5,1.9,2.5,2.9,3.1,2023
Moldova,MDA,2.5,1.9,1.9,2.7,2.8,2.8,3.0,2023
Mongolia,MNG,2.5,2.5,2.3,2.5,2.3,2.4,2.7,2023
Nicaragua,NIC,2.5,2.0,1.9,2.8,2.8,2.4,2.9,2023
Tajikistan,TJK,2.5,2.2,2.5,2.5,2.8,2.0,2.9,2023
Togo,TGO,2.5,2.3,2.3,3.0,2.4,2.3,2.8,2023
Trinidad and Tobago,TTO,2.5,2.2,2.4,2.5,2.4,2.5,2.9,2023
Zimbabwe,ZWE,2.5,2.2,2.4,2.5,2.3,2.7,2.8,2023
Bolivia,BOL,2.4,2.1,2.4,2.5,2.4,2.5,2.4,2023
Cambodia,KHM,2.4,2.2,2.1,2.3,2.4,2.8,2.7,2023
Gabon,GAB,2.4,2.0,2.2,2.6,2.0,2.5,3.0,2023
Guyana,GUY,2.4,2.3,2.4,2.1,2.6,2.2,2.6,2023
Iraq,IRQ,2.4,2.1,2.2,2.5,2.2,2.4,3.0,2023
Lao PDR,LAO,2.4,2.3,2.3,2.3,2.4,2.4,2.8,2023
Liberia,LBR,2.4,2.1,2.4,2.8,2.4,2.4,2.3,2023
Sudan,SDN,2.4,2.1,2.3,2.4,2.4,2.3,2.7,2023
Burkina Faso,BFA,2.3,2.0,2.3,2.4,2.4,2.2,2.4,2023
Fiji,FJI,2.3,2.3,2.2,2.3,2.3,2.2,2.3,2023
"Gambia, The",GMB,2.3,1.8,2.3,2.6,2.3,2.4,2.6,2023
"Iran, Islamic Rep.",IRN,2.3,2.2,2.4,2.4,2.1,2.4,2.7,2023
Kyrgyz Republic,KGZ,2.3,2.2,2.4,2.4,2.2,2.3,2.4,2023
Madagascar,MDG,2.3,1.8,1.8,2.9,2.2,2.0,2.6,2023
Mauritania,MRT,2.3,2.1,2.0,2.2,2.5,2.5,2.8,2023
Syrian Arab Republic,SYR,2.3,2.2,2.2,2.3,2.2,2.3,2.5,2023
"Venezuela, RB",VEN,2.3,2.1,2.4,2.0,2.5,2.3,2.5,2023
Cuba,CUB,2.2,2.0,2.2,2.1,2.2,2.4,2.6,2023
"Yemen, Rep.",YEM,2.2,1.7,1.9,1.7,2.6,2.3,2.8,2023
Angola,AGO,2.1,1.7,2.1,2.4,2.3,2.3,2.1,2023
Cameroon,CMR,2.1,2.1,2.1,2.2,2.1,1.8,2.1,2023
Haiti,HTI,2.1,2.1,1.8,2.3,2.0,2.1,2.5,2023
Somalia,SOM,2.0,1.5,1.9,2.4,1.8,1.8,2.3,2023
Afghanistan,AFG,1.9,2.1,1.7,1.8,2.0,1.6,2.3,2023
Libya,LBY,1.9,1.9,1.7,2.0,1.9,1.8,2.2,2023
